paso,id_pedido,estado_anterior,estado_nuevo,evento
1,PED-001,Pedido Recibido,Devuelto,PED-001: Pedido Recibido -> Devuelto
1,PED-002,Pedido Recibido,En Preparación,PED-002: Pedido Recibido -> En Preparación
1,PED-003,Pedido Recibido,En Preparación,PED-003: Pedido Recibido -> En Preparación
1,PED-004,Pedido Recibido,Devuelto,PED-004: Pedido Recibido -> Devuelto
1,PED-005,Pedido Recibido,En Preparación,PED-005: Pedido Recibido -> En Preparación
1,PED-006,Pedido Recibido,En Preparación,PED-006: Pedido Recibido -> En Preparación
1,PED-007,Pedido Recibido,En Preparación,PED-007: Pedido Recibido -> En Preparación
1,PED-008,Pedido Recibido,En Preparación,PED-008: Pedido Recibido -> En Preparación
1,PED-009,Pedido Recibido,En Preparación,PED-009: Pedido Recibido -> En Preparación
1,PED-010,Pedido Recibido,En Preparación,PED-010: Pedido Recibido -> En Preparación
1,PED-011,Pedido Recibido,Devuelto,PED-011: Pedido Recibido -> Devuelto
1,PED-012,Pedido Recibido,En Preparación,PED-012: Pedido Recibido -> En Preparación
1,PED-013,Pedido Recibido,Devuelto,PED-013: Pedido Recibido -> Devuelto
1,PED-014,Pedido Recibido,En Preparación,PED-014: Pedido Recibido -> En Preparación
1,PED-015,Pedido Recibido,En Preparación,PED-015: Pedido Recibido -> En Preparación
1,PED-016,Pedido Recibido,En Preparación,PED-016: Pedido Recibido -> En Preparación
1,PED-017,Pedido Recibido,En Preparación,PED-017: Pedido Recibido -> En Preparación
1,PED-018,Pedido Recibido,En Preparación,PED-018: Pedido Recibido -> En Preparación
1,PED-019,Pedido Recibido,En Preparación,PED-019: Pedido Recibido -> En Preparación
1,PED-020,Pedido Recibido,En Preparación,PED-020: Pedido Recibido -> En Preparación
1,PED-021,Pedido Recibido,En Preparación,PED-021: Pedido Recibido -> En Preparación
1,PED-022,Pedido Recibido,Devuelto,PED-022: Pedido Recibido -> Devuelto
1,PED-023,Pedido Recibido,En Preparación,PED-023: Pedido Recibido -> En Preparación
1,PED-024,Pedido Recibido,Devuelto,PED-024: Pedido Recibido -> Devuelto
1,PED-025,Pedido Recibido,Devuelto,PED-025: Pedido Recibido -> Devuelto
1,PED-026,Pedido Recibido,En Preparación,PED-026: Pedido Recibido -> En Preparación
1,PED-027,Pedido Recibido,En Preparación,PED-027: Pedido Recibido -> En Preparación
1,PED-028,Pedido Recibido,En Preparación,PED-028: Pedido Recibido -> En Preparación
1,PED-029,Pedido Recibido,En Preparación,PED-029: Pedido Recibido -> En Preparación
1,PED-030,Pedido Recibido,En Preparación,PED-030: Pedido Recibido -> En Preparación
1,PED-031,Pedido Recibido,En Preparación,PED-031: Pedido Recibido -> En Preparación
1,PED-032,Pedido Recibido,En Preparación,PED-032: Pedido Recibido -> En Preparación
1,PED-033,Pedido Recibido,En Preparación,PED-033: Pedido Recibido -> En Preparación
1,PED-034,Pedido Recibido,En Preparación,PED-034: Pedido Recibido -> En Preparación
1,PED-035,Pedido Recibido,En Preparación,PED-035: Pedido Recibido -> En Preparación
1,PED-036,Pedido Recibido,En Preparación,PED-036: Pedido Recibido -> En Preparación
1,PED-037,Pedido Recibido,En Preparación,PED-037: Pedido Recibido -> En Preparación
1,PED-038,Pedido Recibido,En Preparación,PED-038: Pedido Recibido -> En Preparación
1,PED-039,Pedido Recibido,En Preparación,PED-039: Pedido Recibido -> En Preparación
1,PED-040,Pedido Recibido,En Preparación,PED-040: Pedido Recibido -> En Preparación
1,PED-041,Pedido Recibido,Devuelto,PED-041: Pedido Recibido -> Devuelto
1,PED-042,Pedido Recibido,En Preparación,PED-042: Pedido Recibido -> En Preparación
1,PED-043,Pedido Recibido,En Preparación,PED-043: Pedido Recibido -> En Preparación
1,PED-044,Pedido Recibido,En Preparación,PED-044: Pedido Recibido -> En Preparación
1,PED-045,Pedido Recibido,En Preparación,PED-045: Pedido Recibido -> En Preparación
1,PED-046,Pedido Recibido,En Preparación,PED-046: Pedido Recibido -> En Preparación
1,PED-047,Pedido Recibido,En Preparación,PED-047: Pedido Recibido -> En Preparación
1,PED-048,Pedido Recibido,En Preparación,PED-048: Pedido Recibido -> En Preparación
1,PED-049,Pedido Recibido,En Preparación,PED-049: Pedido Recibido -> En Preparación
1,PED-050,Pedido Recibido,En Preparación,PED-050: Pedido Recibido -> En Preparación
1,PED-051,Pedido Recibido,En Preparación,PED-051: Pedido Recibido -> En Preparación
1,PED-052,Pedido Recibido,En Preparación,PED-052: Pedido Recibido -> En Preparación
1,PED-053,Pedido Recibido,En Preparación,PED-053: Pedido Recibido -> En Preparación
1,PED-054,Pedido Recibido,En Preparación,PED-054: Pedido Recibido -> En Preparación
1,PED-055,Pedido Recibido,Devuelto,PED-055: Pedido Recibido -> Devuelto
1,PED-056,Pedido Recibido,En Preparación,PED-056: Pedido Recibido -> En Preparación
1,PED-057,Pedido Recibido,En Preparación,PED-057: Pedido Recibido -> En Preparación
1,PED-058,Pedido Recibido,En Preparación,PED-058: Pedido Recibido -> En Preparación
1,PED-059,Pedido Recibido,En Preparación,PED-059: Pedido Recibido -> En Preparación
1,PED-060,Pedido Recibido,En Preparación,PED-060: Pedido Recibido -> En Preparación
1,PED-061,Pedido Recibido,En Preparación,PED-061: Pedido Recibido -> En Preparación
1,PED-062,Pedido Recibido,En Preparación,PED-062: Pedido Recibido -> En Preparación
1,PED-063,Pedido Recibido,En Preparación,PED-063: Pedido Recibido -> En Preparación
1,PED-064,Pedido Recibido,En Preparación,PED-064: Pedido Recibido -> En Preparación
1,PED-065,Pedido Recibido,En Preparación,PED-065: Pedido Recibido -> En Preparación
1,PED-066,Pedido Recibido,En Preparación,PED-066: Pedido Recibido -> En Preparación
1,PED-067,Pedido Recibido,En Preparación,PED-067: Pedido Recibido -> En Preparación
1,PED-068,Pedido Recibido,En Preparación,PED-068: Pedido Recibido -> En Preparación
1,PED-069,Pedido Recibido,En Preparación,PED-069: Pedido Recibido -> En Preparación
1,PED-070,Pedido Recibido,En Preparación,PED-070: Pedido Recibido -> En Preparación
1,PED-071,Pedido Recibido,En Preparación,PED-071: Pedido Recibido -> En Preparación
1,PED-072,Pedido Recibido,En Preparación,PED-072: Pedido Recibido -> En Preparación
1,PED-073,Pedido Recibido,En Preparación,PED-073: Pedido Recibido -> En Preparación
1,PED-074,Pedido Recibido,Devuelto,PED-074: Pedido Recibido -> Devuelto
1,PED-075,Pedido Recibido,En Preparación,PED-075: Pedido Recibido -> En Preparación
1,PED-076,Pedido Recibido,Devuelto,PED-076: Pedido Recibido -> Devuelto
1,PED-077,Pedido Recibido,En Preparación,PED-077: Pedido Recibido -> En Preparación
1,PED-078,Pedido Recibido,En Preparación,PED-078: Pedido Recibido -> En Preparación
1,PED-079,Pedido Recibido,En Preparación,PED-079: Pedido Recibido -> En Preparación
1,PED-080,Pedido Recibido,En Preparación,PED-080: Pedido Recibido -> En Preparación
1,PED-081,Pedido Recibido,En Preparación,PED-081: Pedido Recibido -> En Preparación
1,PED-082,Pedido Recibido,En Preparación,PED-082: Pedido Recibido -> En Preparación
1,PED-083,Pedido Recibido,En Preparación,PED-083: Pedido Recibido -> En Preparación
1,PED-084,Pedido Recibido,En Preparación,PED-084: Pedido Recibido -> En Preparación
1,PED-085,Pedido Recibido,En Preparación,PED-085: Pedido Recibido -> En Preparación
1,PED-086,Pedido Recibido,En Preparación,PED-086: Pedido Recibido -> En Preparación
1,PED-087,Pedido Recibido,En Preparación,PED-087: Pedido Recibido -> En Preparación
1,PED-088,Pedido Recibido,En Preparación,PED-088: Pedido Recibido -> En Preparación
1,PED-089,Pedido Recibido,En Preparación,PED-089: Pedido Recibido -> En Preparación
1,PED-090,Pedido Recibido,En Preparación,PED-090: Pedido Recibido -> En Preparación
1,PED-091,Pedido Recibido,En Preparación,PED-091: Pedido Recibido -> En Preparación
1,PED-092,Pedido Recibido,En Preparación,PED-092: Pedido Recibido -> En Preparación
1,PED-093,Pedido Recibido,En Preparación,PED-093: Pedido Recibido -> En Preparación
1,PED-094,Pedido Recibido,En Preparación,PED-094: Pedido Recibido -> En Preparación
1,PED-095,Pedido Recibido,En Preparación,PED-095: Pedido Recibido -> En Preparación
1,PED-096,Pedido Recibido,En Preparación,PED-096: Pedido Recibido -> En Preparación
1,PED-097,Pedido Recibido,En Preparación,PED-097: Pedido Recibido -> En Preparación
1,PED-098,Pedido Recibido,En Preparación,PED-098: Pedido Recibido -> En Preparación
1,PED-099,Pedido Recibido,En Preparación,PED-099: Pedido Recibido -> En Preparación
1,PED-100,Pedido Recibido,En Preparación,PED-100: Pedido Recibido -> En Preparación
1,PED-101,Pedido Recibido,En Preparación,PED-101: Pedido Recibido -> En Preparación
1,PED-102,Pedido Recibido,En Preparación,PED-102: Pedido Recibido -> En Preparación
1,PED-103,Pedido Recibido,En Preparación,PED-103: Pedido Recibido -> En Preparación
1,PED-104,Pedido Recibido,En Preparación,PED-104: Pedido Recibido -> En Preparación
1,PED-105,Pedido Recibido,En Preparación,PED-105: Pedido Recibido -> En Preparación
1,PED-106,Pedido Recibido,En Preparación,PED-106: Pedido Recibido -> En Preparación
1,PED-107,Pedido Recibido,Devuelto,PED-107: Pedido Recibido -> Devuelto
1,PED-108,Pedido Recibido,En Preparación,PED-108: Pedido Recibido -> En Preparación
1,PED-109,Pedido Recibido,En Preparación,PED-109: Pedido Recibido -> En Preparación
1,PED-110,Pedido Recibido,En Preparación,PED-110: Pedido Recibido -> En Preparación
1,PED-111,Pedido Recibido,En Preparación,PED-111: Pedido Recibido -> En Preparación
1,PED-112,Pedido Recibido,En Preparación,PED-112: Pedido Recibido -> En Preparación
1,PED-113,Pedido Recibido,En Preparación,PED-113: Pedido Recibido -> En Preparación
1,PED-114,Pedido Recibido,Devuelto,PED-114: Pedido Recibido -> Devuelto
1,PED-115,Pedido Recibido,Devuelto,PED-115: Pedido Recibido -> Devuelto
1,PED-116,Pedido Recibido,En Preparación,PED-116: Pedido Recibido -> En Preparación
1,PED-117,Pedido Recibido,Devuelto,PED-117: Pedido Recibido -> Devuelto
1,PED-118,Pedido Recibido,En Preparación,PED-118: Pedido Recibido -> En Preparación
1,PED-119,Pedido Recibido,En Preparación,PED-119: Pedido Recibido -> En Preparación
1,PED-120,Pedido Recibido,En Preparación,PED-120: Pedido Recibido -> En Preparación
1,PED-121,Pedido Recibido,En Preparación,PED-121: Pedido Recibido -> En Preparación
1,PED-122,Pedido Recibido,En Preparación,PED-122: Pedido Recibido -> En Preparación
1,PED-123,Pedido Recibido,En Preparación,PED-123: Pedido Recibido -> En Preparación
1,PED-124,Pedido Recibido,En Preparación,PED-124: Pedido Recibido -> En Preparación
1,PED-125,Pedido Recibido,En Preparación,PED-125: Pedido Recibido -> En Preparación
1,PED-126,Pedido Recibido,En Preparación,PED-126: Pedido Recibido -> En Preparación
1,PED-127,Pedido Recibido,En Preparación,PED-127: Pedido Recibido -> En Preparación
1,PED-128,Pedido Recibido,Devuelto,PED-128: Pedido Recibido -> Devuelto
1,PED-129,Pedido Recibido,En Preparación,PED-129: Pedido Recibido -> En Preparación
1,PED-130,Pedido Recibido,En Preparación,PED-130: Pedido Recibido -> En Preparación
1,PED-131,Pedido Recibido,En Preparación,PED-131: Pedido Recibido -> En Preparación
1,PED-132,Pedido Recibido,En Preparación,PED-132: Pedido Recibido -> En Preparación
1,PED-133,Pedido Recibido,En Preparación,PED-133: Pedido Recibido -> En Preparación
1,PED-134,Pedido Recibido,En Preparación,PED-134: Pedido Recibido -> En Preparación
1,PED-135,Pedido Recibido,En Preparación,PED-135: Pedido Recibido -> En Preparación
1,PED-136,Pedido Recibido,En Preparación,PED-136: Pedido Recibido -> En Preparación
1,PED-137,Pedido Recibido,En Preparación,PED-137: Pedido Recibido -> En Preparación
1,PED-138,Pedido Recibido,Devuelto,PED-138: Pedido Recibido -> Devuelto
1,PED-139,Pedido Recibido,En Preparación,PED-139: Pedido Recibido -> En Preparación
1,PED-140,Pedido Recibido,En Preparación,PED-140: Pedido Recibido -> En Preparación
1,PED-141,Pedido Recibido,En Preparación,PED-141: Pedido Recibido -> En Preparación
1,PED-142,Pedido Recibido,En Preparación,PED-142: Pedido Recibido -> En Preparación
1,PED-143,Pedido Recibido,En Preparación,PED-143: Pedido Recibido -> En Preparación
1,PED-144,Pedido Recibido,En Preparación,PED-144: Pedido Recibido -> En Preparación
1,PED-145,Pedido Recibido,En Preparación,PED-145: Pedido Recibido -> En Preparación
1,PED-146,Pedido Recibido,En Preparación,PED-146: Pedido Recibido -> En Preparación
1,PED-147,Pedido Recibido,En Preparación,PED-147: Pedido Recibido -> En Preparación
1,PED-148,Pedido Recibido,En Preparación,PED-148: Pedido Recibido -> En Preparación
1,PED-149,Pedido Recibido,En Preparación,PED-149: Pedido Recibido -> En Preparación
1,PED-150,Pedido Recibido,En Preparación,PED-150: Pedido Recibido -> En Preparación
1,PED-151,Pedido Recibido,En Preparación,PED-151: Pedido Recibido -> En Preparación
1,PED-152,Pedido Recibido,En Preparación,PED-152: Pedido Recibido -> En Preparación
1,PED-153,Pedido Recibido,En Preparación,PED-153: Pedido Recibido -> En Preparación
1,PED-154,Pedido Recibido,En Preparación,PED-154: Pedido Recibido -> En Preparación
1,PED-155,Pedido Recibido,En Preparación,PED-155: Pedido Recibido -> En Preparación
1,PED-156,Pedido Recibido,En Preparación,PED-156: Pedido Recibido -> En Preparación
1,PED-157,Pedido Recibido,Devuelto,PED-157: Pedido Recibido -> Devuelto
1,PED-158,Pedido Recibido,En Preparación,PED-158: Pedido Recibido -> En Preparación
1,PED-159,Pedido Recibido,En Preparación,PED-159: Pedido Recibido -> En Preparación
1,PED-160,Pedido Recibido,En Preparación,PED-160: Pedido Recibido -> En Preparación
1,PED-161,Pedido Recibido,En Preparación,PED-161: Pedido Recibido -> En Preparación
1,PED-162,Pedido Recibido,En Preparación,PED-162: Pedido Recibido -> En Preparación
1,PED-163,Pedido Recibido,Devuelto,PED-163: Pedido Recibido -> Devuelto
1,PED-164,Pedido Recibido,En Preparación,PED-164: Pedido Recibido -> En Preparación
1,PED-165,Pedido Recibido,Devuelto,PED-165: Pedido Recibido -> Devuelto
1,PED-166,Pedido Recibido,En Preparación,PED-166: Pedido Recibido -> En Preparación
1,PED-167,Pedido Recibido,En Preparación,PED-167: Pedido Recibido -> En Preparación
1,PED-168,Pedido Recibido,En Preparación,PED-168: Pedido Recibido -> En Preparación
1,PED-169,Pedido Recibido,En Preparación,PED-169: Pedido Recibido -> En Preparación
1,PED-170,Pedido Recibido,En Preparación,PED-170: Pedido Recibido -> En Preparación
1,PED-171,Pedido Recibido,En Preparación,PED-171: Pedido Recibido -> En Preparación
1,PED-172,Pedido Recibido,En Preparación,PED-172: Pedido Recibido -> En Preparación
1,PED-173,Pedido Recibido,En Preparación,PED-173: Pedido Recibido -> En Preparación
1,PED-174,Pedido Recibido,En Preparación,PED-174: Pedido Recibido -> En Preparación
1,PED-175,Pedido Recibido,En Preparación,PED-175: Pedido Recibido -> En Preparación
1,PED-176,Pedido Recibido,En Preparación,PED-176: Pedido Recibido -> En Preparación
1,PED-177,Pedido Recibido,En Preparación,PED-177: Pedido Recibido -> En Preparación
1,PED-178,Pedido Recibido,En Preparación,PED-178: Pedido Recibido -> En Preparación
1,PED-179,Pedido Recibido,En Preparación,PED-179: Pedido Recibido -> En Preparación
1,PED-180,Pedido Recibido,En Preparación,PED-180: Pedido Recibido -> En Preparación
1,PED-181,Pedido Recibido,En Preparación,PED-181: Pedido Recibido -> En Preparación
1,PED-182,Pedido Recibido,En Preparación,PED-182: Pedido Recibido -> En Preparación
1,PED-183,Pedido Recibido,Devuelto,PED-183: Pedido Recibido -> Devuelto
1,PED-184,Pedido Recibido,Devuelto,PED-184: Pedido Recibido -> Devuelto
1,PED-185,Pedido Recibido,En Preparación,PED-185: Pedido Recibido -> En Preparación
1,PED-186,Pedido Recibido,En Preparación,PED-186: Pedido Recibido -> En Preparación
1,PED-187,Pedido Recibido,En Preparación,PED-187: Pedido Recibido -> En Preparación
1,PED-188,Pedido Recibido,Devuelto,PED-188: Pedido Recibido -> Devuelto
1,PED-189,Pedido Recibido,Devuelto,PED-189: Pedido Recibido -> Devuelto
1,PED-190,Pedido Recibido,En Preparación,PED-190: Pedido Recibido -> En Preparación
1,PED-191,Pedido Recibido,Devuelto,PED-191: Pedido Recibido -> Devuelto
1,PED-192,Pedido Recibido,En Preparación,PED-192: Pedido Recibido -> En Preparación
1,PED-193,Pedido Recibido,En Preparación,PED-193: Pedido Recibido -> En Preparación
1,PED-194,Pedido Recibido,En Preparación,PED-194: Pedido Recibido -> En Preparación
1,PED-195,Pedido Recibido,En Preparación,PED-195: Pedido Recibido -> En Preparación
1,PED-196,Pedido Recibido,Devuelto,PED-196: Pedido Recibido -> Devuelto
1,PED-197,Pedido Recibido,En Preparación,PED-197: Pedido Recibido -> En Preparación
1,PED-198,Pedido Recibido,En Preparación,PED-198: Pedido Recibido -> En Preparación
1,PED-199,Pedido Recibido,En Preparación,PED-199: Pedido Recibido -> En Preparación
1,PED-200,Pedido Recibido,En Preparación,PED-200: Pedido Recibido -> En Preparación
1,PED-201,Pedido Recibido,En Preparación,PED-201: Pedido Recibido -> En Preparación
1,PED-202,Pedido Recibido,En Preparación,PED-202: Pedido Recibido -> En Preparación
1,PED-203,Pedido Recibido,En Preparación,PED-203: Pedido Recibido -> En Preparación
1,PED-204,Pedido Recibido,En Preparación,PED-204: Pedido Recibido -> En Preparación
1,PED-205,Pedido Recibido,En Preparación,PED-205: Pedido Recibido -> En Preparación
1,PED-206,Pedido Recibido,En Preparación,PED-206: Pedido Recibido -> En Preparación
1,PED-207,Pedido Recibido,En Preparación,PED-207: Pedido Recibido -> En Preparación
1,PED-208,Pedido Recibido,En Preparación,PED-208: Pedido Recibido -> En Preparación
1,PED-209,Pedido Recibido,En Preparación,PED-209: Pedido Recibido -> En Preparación
1,PED-210,Pedido Recibido,En Preparación,PED-210: Pedido Recibido -> En Preparación
1,PED-211,Pedido Recibido,Devuelto,PED-211: Pedido Recibido -> Devuelto
1,PED-212,Pedido Recibido,En Preparación,PED-212: Pedido Recibido -> En Preparación
1,PED-213,Pedido Recibido,En Preparación,PED-213: Pedido Recibido -> En Preparación
1,PED-214,Pedido Recibido,En Preparación,PED-214: Pedido Recibido -> En Preparación
1,PED-215,Pedido Recibido,En Preparación,PED-215: Pedido Recibido -> En Preparación
1,PED-216,Pedido Recibido,En Preparación,PED-216: Pedido Recibido -> En Preparación
1,PED-217,Pedido Recibido,Devuelto,PED-217: Pedido Recibido -> Devuelto
1,PED-218,Pedido Recibido,En Preparación,PED-218: Pedido Recibido -> En Preparación
1,PED-219,Pedido Recibido,En Preparación,PED-219: Pedido Recibido -> En Preparación
1,PED-220,Pedido Recibido,En Preparación,PED-220: Pedido Recibido -> En Preparación
1,PED-221,Pedido Recibido,En Preparación,PED-221: Pedido Recibido -> En Preparación
1,PED-222,Pedido Recibido,En Preparación,PED-222: Pedido Recibido -> En Preparación
1,PED-223,Pedido Recibido,En Preparación,PED-223: Pedido Recibido -> En Preparación
1,PED-224,Pedido Recibido,En Preparación,PED-224: Pedido Recibido -> En Preparación
1,PED-225,Pedido Recibido,En Preparación,PED-225: Pedido Recibido -> En Preparación
1,PED-226,Pedido Recibido,En Preparación,PED-226: Pedido Recibido -> En Preparación
1,PED-227,Pedido Recibido,En Preparación,PED-227: Pedido Recibido -> En Preparación
1,PED-228,Pedido Recibido,En Preparación,PED-228: Pedido Recibido -> En Preparación
1,PED-229,Pedido Recibido,En Preparación,PED-229: Pedido Recibido -> En Preparación
1,PED-230,Pedido Recibido,En Preparación,PED-230: Pedido Recibido -> En Preparación
1,PED-231,Pedido Recibido,En Preparación,PED-231: Pedido Recibido -> En Preparación
1,PED-232,Pedido Recibido,Devuelto,PED-232: Pedido Recibido -> Devuelto
1,PED-233,Pedido Recibido,En Preparación,PED-233: Pedido Recibido -> En Preparación
1,PED-234,Pedido Recibido,En Preparación,PED-234: Pedido Recibido -> En Preparación
1,PED-235,Pedido Recibido,En Preparación,PED-235: Pedido Recibido -> En Preparación
1,PED-236,Pedido Recibido,En Preparación,PED-236: Pedido Recibido -> En Preparación
1,PED-237,Pedido Recibido,En Preparación,PED-237: Pedido Recibido -> En Preparación
1,PED-238,Pedido Recibido,En Preparación,PED-238: Pedido Recibido -> En Preparación
1,PED-239,Pedido Recibido,En Preparación,PED-239: Pedido Recibido -> En Preparación
1,PED-240,Pedido Recibido,En Preparación,PED-240: Pedido Recibido -> En Preparación
1,PED-241,Pedido Recibido,En Preparación,PED-241: Pedido Recibido -> En Preparación
1,PED-242,Pedido Recibido,En Preparación,PED-242: Pedido Recibido -> En Preparación
1,PED-243,Pedido Recibido,En Preparación,PED-243: Pedido Recibido -> En Preparación
1,PED-244,Pedido Recibido,En Preparación,PED-244: Pedido Recibido -> En Preparación
1,PED-245,Pedido Recibido,En Preparación,PED-245: Pedido Recibido -> En Preparación
1,PED-246,Pedido Recibido,En Preparación,PED-246: Pedido Recibido -> En Preparación
1,PED-247,Pedido Recibido,En Preparación,PED-247: Pedido Recibido -> En Preparación
1,PED-248,Pedido Recibido,En Preparación,PED-248: Pedido Recibido -> En Preparación
1,PED-249,Pedido Recibido,En Preparación,PED-249: Pedido Recibido -> En Preparación
1,PED-250,Pedido Recibido,En Preparación,PED-250: Pedido Recibido -> En Preparación
1,PED-251,Pedido Recibido,En Preparación,PED-251: Pedido Recibido -> En Preparación
1,PED-252,Pedido Recibido,En Preparación,PED-252: Pedido Recibido -> En Preparación
1,PED-253,Pedido Recibido,En Preparación,PED-253: Pedido Recibido -> En Preparación
1,PED-254,Pedido Recibido,Devuelto,PED-254: Pedido Recibido -> Devuelto
1,PED-255,Pedido Recibido,En Preparación,PED-255: Pedido Recibido -> En Preparación
1,PED-256,Pedido Recibido,En Preparación,PED-256: Pedido Recibido -> En Preparación
1,PED-257,Pedido Recibido,En Preparación,PED-257: Pedido Recibido -> En Preparación
1,PED-258,Pedido Recibido,En Preparación,PED-258: Pedido Recibido -> En Preparación
1,PED-259,Pedido Recibido,En Preparación,PED-259: Pedido Recibido -> En Preparación
1,PED-260,Pedido Recibido,Devuelto,PED-260: Pedido Recibido -> Devuelto
1,PED-261,Pedido Recibido,En Preparación,PED-261: Pedido Recibido -> En Preparación
1,PED-262,Pedido Recibido,En Preparación,PED-262: Pedido Recibido -> En Preparación
1,PED-263,Pedido Recibido,En Preparación,PED-263: Pedido Recibido -> En Preparación
1,PED-264,Pedido Recibido,En Preparación,PED-264: Pedido Recibido -> En Preparación
1,PED-265,Pedido Recibido,En Preparación,PED-265: Pedido Recibido -> En Preparación
1,PED-266,Pedido Recibido,En Preparación,PED-266: Pedido Recibido -> En Preparación
1,PED-267,Pedido Recibido,Devuelto,PED-267: Pedido Recibido -> Devuelto
1,PED-268,Pedido Recibido,En Preparación,PED-268: Pedido Recibido -> En Preparación
1,PED-269,Pedido Recibido,En Preparación,PED-269: Pedido Recibido -> En Preparación
1,PED-270,Pedido Recibido,En Preparación,PED-270: Pedido Recibido -> En Preparación
1,PED-271,Pedido Recibido,En Preparación,PED-271: Pedido Recibido -> En Preparación
1,PED-272,Pedido Recibido,En Preparación,PED-272: Pedido Recibido -> En Preparación
1,PED-273,Pedido Recibido,En Preparación,PED-273: Pedido Recibido -> En Preparación
1,PED-274,Pedido Recibido,En Preparación,PED-274: Pedido Recibido -> En Preparación
1,PED-275,Pedido Recibido,En Preparación,PED-275: Pedido Recibido -> En Preparación
1,PED-276,Pedido Recibido,En Preparación,PED-276: Pedido Recibido -> En Preparación
1,PED-277,Pedido Recibido,En Preparación,PED-277: Pedido Recibido -> En Preparación
1,PED-278,Pedido Recibido,En Preparación,PED-278: Pedido Recibido -> En Preparación
1,PED-279,Pedido Recibido,Devuelto,PED-279: Pedido Recibido -> Devuelto
1,PED-280,Pedido Recibido,En Preparación,PED-280: Pedido Recibido -> En Preparación
1,PED-281,Pedido Recibido,En Preparación,PED-281: Pedido Recibido -> En Preparación
1,PED-282,Pedido Recibido,En Preparación,PED-282: Pedido Recibido -> En Preparación
1,PED-283,Pedido Recibido,En Preparación,PED-283: Pedido Recibido -> En Preparación
1,PED-284,Pedido Recibido,En Preparación,PED-284: Pedido Recibido -> En Preparación
1,PED-285,Pedido Recibido,En Preparación,PED-285: Pedido Recibido -> En Preparación
1,PED-286,Pedido Recibido,En Preparación,PED-286: Pedido Recibido -> En Preparación
1,PED-287,Pedido Recibido,En Preparación,PED-287: Pedido Recibido -> En Preparación
1,PED-288,Pedido Recibido,Devuelto,PED-288: Pedido Recibido -> Devuelto
1,PED-289,Pedido Recibido,En Preparación,PED-289: Pedido Recibido -> En Preparación
1,PED-290,Pedido Recibido,En Preparación,PED-290: Pedido Recibido -> En Preparación
1,PED-291,Pedido Recibido,En Preparación,PED-291: Pedido Recibido -> En Preparación
1,PED-292,Pedido Recibido,En Preparación,PED-292: Pedido Recibido -> En Preparación
1,PED-293,Pedido Recibido,En Preparación,PED-293: Pedido Recibido -> En Preparación
1,PED-294,Pedido Recibido,En Preparación,PED-294: Pedido Recibido -> En Preparación
1,PED-295,Pedido Recibido,En Preparación,PED-295: Pedido Recibido -> En Preparación
1,PED-296,Pedido Recibido,En Preparación,PED-296: Pedido Recibido -> En Preparación
1,PED-297,Pedido Recibido,En Preparación,PED-297: Pedido Recibido -> En Preparación
1,PED-298,Pedido Recibido,En Preparación,PED-298: Pedido Recibido -> En Preparación
1,PED-299,Pedido Recibido,En Preparación,PED-299: Pedido Recibido -> En Preparación
1,PED-300,Pedido Recibido,En Preparación,PED-300: Pedido Recibido -> En Preparación
1,PED-301,Pedido Recibido,En Preparación,PED-301: Pedido Recibido -> En Preparación
1,PED-302,Pedido Recibido,En Preparación,PED-302: Pedido Recibido -> En Preparación
1,PED-303,Pedido Recibido,En Preparación,PED-303: Pedido Recibido -> En Preparación
1,PED-304,Pedido Recibido,En Preparación,PED-304: Pedido Recibido -> En Preparación
1,PED-305,Pedido Recibido,En Preparación,PED-305: Pedido Recibido -> En Preparación
1,PED-306,Pedido Recibido,En Preparación,PED-306: Pedido Recibido -> En Preparación
1,PED-307,Pedido Recibido,En Preparación,PED-307: Pedido Recibido -> En Preparación
1,PED-308,Pedido Recibido,En Preparación,PED-308: Pedido Recibido -> En Preparación
1,PED-309,Pedido Recibido,En Preparación,PED-309: Pedido Recibido -> En Preparación
1,PED-310,Pedido Recibido,En Preparación,PED-310: Pedido Recibido -> En Preparación
1,PED-311,Pedido Recibido,En Preparación,PED-311: Pedido Recibido -> En Preparación
1,PED-312,Pedido Recibido,En Preparación,PED-312: Pedido Recibido -> En Preparación
1,PED-313,Pedido Recibido,En Preparación,PED-313: Pedido Recibido -> En Preparación
1,PED-314,Pedido Recibido,En Preparación,PED-314: Pedido Recibido -> En Preparación
1,PED-315,Pedido Recibido,Devuelto,PED-315: Pedido Recibido -> Devuelto
1,PED-316,Pedido Recibido,En Preparación,PED-316: Pedido Recibido -> En Preparación
1,PED-317,Pedido Recibido,Devuelto,PED-317: Pedido Recibido -> Devuelto
1,PED-318,Pedido Recibido,Devuelto,PED-318: Pedido Recibido -> Devuelto
1,PED-319,Pedido Recibido,En Preparación,PED-319: Pedido Recibido -> En Preparación
1,PED-320,Pedido Recibido,En Preparación,PED-320: Pedido Recibido -> En Preparación
1,PED-321,Pedido Recibido,En Preparación,PED-321: Pedido Recibido -> En Preparación
1,PED-322,Pedido Recibido,En Preparación,PED-322: Pedido Recibido -> En Preparación
1,PED-323,Pedido Recibido,En Preparación,PED-323: Pedido Recibido -> En Preparación
1,PED-324,Pedido Recibido,En Preparación,PED-324: Pedido Recibido -> En Preparación
1,PED-325,Pedido Recibido,En Preparación,PED-325: Pedido Recibido -> En Preparación
1,PED-326,Pedido Recibido,En Preparación,PED-326: Pedido Recibido -> En Preparación
1,PED-327,Pedido Recibido,En Preparación,PED-327: Pedido Recibido -> En Preparación
1,PED-328,Pedido Recibido,En Preparación,PED-328: Pedido Recibido -> En Preparación
1,PED-329,Pedido Recibido,En Preparación,PED-329: Pedido Recibido -> En Preparación
1,PED-330,Pedido Recibido,En Preparación,PED-330: Pedido Recibido -> En Preparación
1,PED-331,Pedido Recibido,En Preparación,PED-331: Pedido Recibido -> En Preparación
1,PED-332,Pedido Recibido,En Preparación,PED-332: Pedido Recibido -> En Preparación
1,PED-333,Pedido Recibido,En Preparación,PED-333: Pedido Recibido -> En Preparación
1,PED-334,Pedido Recibido,En Preparación,PED-334: Pedido Recibido -> En Preparación
1,PED-335,Pedido Recibido,En Preparación,PED-335: Pedido Recibido -> En Preparación
1,PED-336,Pedido Recibido,En Preparación,PED-336: Pedido Recibido -> En Preparación
1,PED-337,Pedido Recibido,En Preparación,PED-337: Pedido Recibido -> En Preparación
1,PED-338,Pedido Recibido,En Preparación,PED-338: Pedido Recibido -> En Preparación
1,PED-339,Pedido Recibido,En Preparación,PED-339: Pedido Recibido -> En Preparación
1,PED-340,Pedido Recibido,En Preparación,PED-340: Pedido Recibido -> En Preparación
1,PED-341,Pedido Recibido,En Preparación,PED-341: Pedido Recibido -> En Preparación
1,PED-342,Pedido Recibido,En Preparación,PED-342: Pedido Recibido -> En Preparación
1,PED-343,Pedido Recibido,En Preparación,PED-343: Pedido Recibido -> En Preparación
1,PED-344,Pedido Recibido,Devuelto,PED-344: Pedido Recibido -> Devuelto
1,PED-345,Pedido Recibido,En Preparación,PED-345: Pedido Recibido -> En Preparación
1,PED-346,Pedido Recibido,En Preparación,PED-346: Pedido Recibido -> En Preparación
1,PED-347,Pedido Recibido,En Preparación,PED-347: Pedido Recibido -> En Preparación
1,PED-348,Pedido Recibido,En Preparación,PED-348: Pedido Recibido -> En Preparación
1,PED-349,Pedido Recibido,En Preparación,PED-349: Pedido Recibido -> En Preparación
1,PED-350,Pedido Recibido,Devuelto,PED-350: Pedido Recibido -> Devuelto
1,PED-351,Pedido Recibido,En Preparación,PED-351: Pedido Recibido -> En Preparación
1,PED-352,Pedido Recibido,En Preparación,PED-352: Pedido Recibido -> En Preparación
1,PED-353,Pedido Recibido,En Preparación,PED-353: Pedido Recibido -> En Preparación
1,PED-354,Pedido Recibido,En Preparación,PED-354: Pedido Recibido -> En Preparación
1,PED-355,Pedido Recibido,En Preparación,PED-355: Pedido Recibido -> En Preparación
1,PED-356,Pedido Recibido,En Preparación,PED-356: Pedido Recibido -> En Preparación
1,PED-357,Pedido Recibido,En Preparación,PED-357: Pedido Recibido -> En Preparación
1,PED-358,Pedido Recibido,En Preparación,PED-358: Pedido Recibido -> En Preparación
1,PED-359,Pedido Recibido,En Preparación,PED-359: Pedido Recibido -> En Preparación
1,PED-360,Pedido Recibido,En Preparación,PED-360: Pedido Recibido -> En Preparación
1,PED-361,Pedido Recibido,En Preparación,PED-361: Pedido Recibido -> En Preparación
1,PED-362,Pedido Recibido,En Preparación,PED-362: Pedido Recibido -> En Preparación
1,PED-363,Pedido Recibido,En Preparación,PED-363: Pedido Recibido -> En Preparación
1,PED-364,Pedido Recibido,En Preparación,PED-364: Pedido Recibido -> En Preparación
1,PED-365,Pedido Recibido,En Preparación,PED-365: Pedido Recibido -> En Preparación
1,PED-366,Pedido Recibido,En Preparación,PED-366: Pedido Recibido -> En Preparación
1,PED-367,Pedido Recibido,En Preparación,PED-367: Pedido Recibido -> En Preparación
1,PED-368,Pedido Recibido,En Preparación,PED-368: Pedido Recibido -> En Preparación
1,PED-369,Pedido Recibido,En Preparación,PED-369: Pedido Recibido -> En Preparación
1,PED-370,Pedido Recibido,En Preparación,PED-370: Pedido Recibido -> En Preparación
1,PED-371,Pedido Recibido,En Preparación,PED-371: Pedido Recibido -> En Preparación
1,PED-372,Pedido Recibido,En Preparación,PED-372: Pedido Recibido -> En Preparación
1,PED-373,Pedido Recibido,En Preparación,PED-373: Pedido Recibido -> En Preparación
1,PED-374,Pedido Recibido,En Preparación,PED-374: Pedido Recibido -> En Preparación
1,PED-375,Pedido Recibido,En Preparación,PED-375: Pedido Recibido -> En Preparación
1,PED-376,Pedido Recibido,En Preparación,PED-376: Pedido Recibido -> En Preparación
1,PED-377,Pedido Recibido,En Preparación,PED-377: Pedido Recibido -> En Preparación
1,PED-378,Pedido Recibido,En Preparación,PED-378: Pedido Recibido -> En Preparación
1,PED-379,Pedido Recibido,En Preparación,PED-379: Pedido Recibido -> En Preparación
1,PED-380,Pedido Recibido,En Preparación,PED-380: Pedido Recibido -> En Preparación
1,PED-381,Pedido Recibido,En Preparación,PED-381: Pedido Recibido -> En Preparación
1,PED-382,Pedido Recibido,En Preparación,PED-382: Pedido Recibido -> En Preparación
1,PED-383,Pedido Recibido,En Preparación,PED-383: Pedido Recibido -> En Preparación
1,PED-384,Pedido Recibido,En Preparación,PED-384: Pedido Recibido -> En Preparación
1,PED-385,Pedido Recibido,En Preparación,PED-385: Pedido Recibido -> En Preparación
1,PED-386,Pedido Recibido,En Preparación,PED-386: Pedido Recibido -> En Preparación
1,PED-387,Pedido Recibido,En Preparación,PED-387: Pedido Recibido -> En Preparación
1,PED-388,Pedido Recibido,En Preparación,PED-388: Pedido Recibido -> En Preparación
1,PED-389,Pedido Recibido,En Preparación,PED-389: Pedido Recibido -> En Preparación
1,PED-390,Pedido Recibido,En Preparación,PED-390: Pedido Recibido -> En Preparación
1,PED-391,Pedido Recibido,En Preparación,PED-391: Pedido Recibido -> En Preparación
1,PED-392,Pedido Recibido,En Preparación,PED-392: Pedido Recibido -> En Preparación
1,PED-393,Pedido Recibido,En Preparación,PED-393: Pedido Recibido -> En Preparación
1,PED-394,Pedido Recibido,En Preparación,PED-394: Pedido Recibido -> En Preparación
1,PED-395,Pedido Recibido,Devuelto,PED-395: Pedido Recibido -> Devuelto
1,PED-396,Pedido Recibido,En Preparación,PED-396: Pedido Recibido -> En Preparación
1,PED-397,Pedido Recibido,En Preparación,PED-397: Pedido Recibido -> En Preparación
1,PED-398,Pedido Recibido,En Preparación,PED-398: Pedido Recibido -> En Preparación
1,PED-399,Pedido Recibido,En Preparación,PED-399: Pedido Recibido -> En Preparación
1,PED-400,Pedido Recibido,Devuelto,PED-400: Pedido Recibido -> Devuelto
1,PED-401,Pedido Recibido,En Preparación,PED-401: Pedido Recibido -> En Preparación
1,PED-402,Pedido Recibido,En Preparación,PED-402: Pedido Recibido -> En Preparación
1,PED-403,Pedido Recibido,En Preparación,PED-403: Pedido Recibido -> En Preparación
1,PED-404,Pedido Recibido,En Preparación,PED-404: Pedido Recibido -> En Preparación
1,PED-405,Pedido Recibido,En Preparación,PED-405: Pedido Recibido -> En Preparación
1,PED-406,Pedido Recibido,En Preparación,PED-406: Pedido Recibido -> En Preparación
1,PED-407,Pedido Recibido,En Preparación,PED-407: Pedido Recibido -> En Preparación
1,PED-408,Pedido Recibido,En Preparación,PED-408: Pedido Recibido -> En Preparación
1,PED-409,Pedido Recibido,En Preparación,PED-409: Pedido Recibido -> En Preparación
1,PED-410,Pedido Recibido,En Preparación,PED-410: Pedido Recibido -> En Preparación
1,PED-411,Pedido Recibido,En Preparación,PED-411: Pedido Recibido -> En Preparación
1,PED-412,Pedido Recibido,En Preparación,PED-412: Pedido Recibido -> En Preparación
1,PED-413,Pedido Recibido,Devuelto,PED-413: Pedido Recibido -> Devuelto
1,PED-414,Pedido Recibido,En Preparación,PED-414: Pedido Recibido -> En Preparación
1,PED-415,Pedido Recibido,En Preparación,PED-415: Pedido Recibido -> En Preparación
1,PED-416,Pedido Recibido,En Preparación,PED-416: Pedido Recibido -> En Preparación
1,PED-417,Pedido Recibido,En Preparación,PED-417: Pedido Recibido -> En Preparación
1,PED-418,Pedido Recibido,En Preparación,PED-418: Pedido Recibido -> En Preparación
1,PED-419,Pedido Recibido,En Preparación,PED-419: Pedido Recibido -> En Preparación
1,PED-420,Pedido Recibido,Devuelto,PED-420: Pedido Recibido -> Devuelto
1,PED-421,Pedido Recibido,En Preparación,PED-421: Pedido Recibido -> En Preparación
1,PED-422,Pedido Recibido,En Preparación,PED-422: Pedido Recibido -> En Preparación
1,PED-423,Pedido Recibido,Devuelto,PED-423: Pedido Recibido -> Devuelto
1,PED-424,Pedido Recibido,En Preparación,PED-424: Pedido Recibido -> En Preparación
1,PED-425,Pedido Recibido,En Preparación,PED-425: Pedido Recibido -> En Preparación
1,PED-426,Pedido Recibido,En Preparación,PED-426: Pedido Recibido -> En Preparación
1,PED-427,Pedido Recibido,En Preparación,PED-427: Pedido Recibido -> En Preparación
1,PED-428,Pedido Recibido,En Preparación,PED-428: Pedido Recibido -> En Preparación
1,PED-429,Pedido Recibido,En Preparación,PED-429: Pedido Recibido -> En Preparación
1,PED-430,Pedido Recibido,En Preparación,PED-430: Pedido Recibido -> En Preparación
1,PED-431,Pedido Recibido,En Preparación,PED-431: Pedido Recibido -> En Preparación
1,PED-432,Pedido Recibido,En Preparación,PED-432: Pedido Recibido -> En Preparación
1,PED-433,Pedido Recibido,En Preparación,PED-433: Pedido Recibido -> En Preparación
1,PED-434,Pedido Recibido,En Preparación,PED-434: Pedido Recibido -> En Preparación
1,PED-435,Pedido Recibido,En Preparación,PED-435: Pedido Recibido -> En Preparación
1,PED-436,Pedido Recibido,En Preparación,PED-436: Pedido Recibido -> En Preparación
1,PED-437,Pedido Recibido,En Preparación,PED-437: Pedido Recibido -> En Preparación
1,PED-438,Pedido Recibido,En Preparación,PED-438: Pedido Recibido -> En Preparación
1,PED-439,Pedido Recibido,En Preparación,PED-439: Pedido Recibido -> En Preparación
1,PED-440,Pedido Recibido,En Preparación,PED-440: Pedido Recibido -> En Preparación
1,PED-441,Pedido Recibido,En Preparación,PED-441: Pedido Recibido -> En Preparación
1,PED-442,Pedido Recibido,En Preparación,PED-442: Pedido Recibido -> En Preparación
1,PED-443,Pedido Recibido,En Preparación,PED-443: Pedido Recibido -> En Preparación
1,PED-444,Pedido Recibido,En Preparación,PED-444: Pedido Recibido -> En Preparación
1,PED-445,Pedido Recibido,En Preparación,PED-445: Pedido Recibido -> En Preparación
1,PED-446,Pedido Recibido,Devuelto,PED-446: Pedido Recibido -> Devuelto
1,PED-447,Pedido Recibido,En Preparación,PED-447: Pedido Recibido -> En Preparación
1,PED-448,Pedido Recibido,Devuelto,PED-448: Pedido Recibido -> Devuelto
1,PED-449,Pedido Recibido,En Preparación,PED-449: Pedido Recibido -> En Preparación
1,PED-450,Pedido Recibido,Devuelto,PED-450: Pedido Recibido -> Devuelto
1,PED-451,Pedido Recibido,En Preparación,PED-451: Pedido Recibido -> En Preparación
1,PED-452,Pedido Recibido,En Preparación,PED-452: Pedido Recibido -> En Preparación
1,PED-453,Pedido Recibido,En Preparación,PED-453: Pedido Recibido -> En Preparación
1,PED-454,Pedido Recibido,En Preparación,PED-454: Pedido Recibido -> En Preparación
1,PED-455,Pedido Recibido,Devuelto,PED-455: Pedido Recibido -> Devuelto
1,PED-456,Pedido Recibido,Devuelto,PED-456: Pedido Recibido -> Devuelto
1,PED-457,Pedido Recibido,En Preparación,PED-457: Pedido Recibido -> En Preparación
1,PED-458,Pedido Recibido,En Preparación,PED-458: Pedido Recibido -> En Preparación
1,PED-459,Pedido Recibido,En Preparación,PED-459: Pedido Recibido -> En Preparación
1,PED-460,Pedido Recibido,En Preparación,PED-460: Pedido Recibido -> En Preparación
1,PED-461,Pedido Recibido,En Preparación,PED-461: Pedido Recibido -> En Preparación
1,PED-462,Pedido Recibido,En Preparación,PED-462: Pedido Recibido -> En Preparación
1,PED-463,Pedido Recibido,En Preparación,PED-463: Pedido Recibido -> En Preparación
1,PED-464,Pedido Recibido,En Preparación,PED-464: Pedido Recibido -> En Preparación
1,PED-465,Pedido Recibido,En Preparación,PED-465: Pedido Recibido -> En Preparación
1,PED-466,Pedido Recibido,Devuelto,PED-466: Pedido Recibido -> Devuelto
1,PED-467,Pedido Recibido,En Preparación,PED-467: Pedido Recibido -> En Preparación
1,PED-468,Pedido Recibido,En Preparación,PED-468: Pedido Recibido -> En Preparación
1,PED-469,Pedido Recibido,Devuelto,PED-469: Pedido Recibido -> Devuelto
1,PED-470,Pedido Recibido,En Preparación,PED-470: Pedido Recibido -> En Preparación
1,PED-471,Pedido Recibido,En Preparación,PED-471: Pedido Recibido -> En Preparación
1,PED-472,Pedido Recibido,En Preparación,PED-472: Pedido Recibido -> En Preparación
1,PED-473,Pedido Recibido,En Preparación,PED-473: Pedido Recibido -> En Preparación
1,PED-474,Pedido Recibido,En Preparación,PED-474: Pedido Recibido -> En Preparación
1,PED-475,Pedido Recibido,En Preparación,PED-475: Pedido Recibido -> En Preparación
1,PED-476,Pedido Recibido,En Preparación,PED-476: Pedido Recibido -> En Preparación
1,PED-477,Pedido Recibido,En Preparación,PED-477: Pedido Recibido -> En Preparación
1,PED-478,Pedido Recibido,Devuelto,PED-478: Pedido Recibido -> Devuelto
1,PED-479,Pedido Recibido,En Preparación,PED-479: Pedido Recibido -> En Preparación
1,PED-480,Pedido Recibido,Devuelto,PED-480: Pedido Recibido -> Devuelto
1,PED-481,Pedido Recibido,En Preparación,PED-481: Pedido Recibido -> En Preparación
1,PED-482,Pedido Recibido,En Preparación,PED-482: Pedido Recibido -> En Preparación
1,PED-483,Pedido Recibido,Devuelto,PED-483: Pedido Recibido -> Devuelto
1,PED-484,Pedido Recibido,Devuelto,PED-484: Pedido Recibido -> Devuelto
1,PED-485,Pedido Recibido,En Preparación,PED-485: Pedido Recibido -> En Preparación
1,PED-486,Pedido Recibido,En Preparación,PED-486: Pedido Recibido -> En Preparación
1,PED-487,Pedido Recibido,En Preparación,PED-487: Pedido Recibido -> En Preparación
1,PED-488,Pedido Recibido,En Preparación,PED-488: Pedido Recibido -> En Preparación
1,PED-489,Pedido Recibido,En Preparación,PED-489: Pedido Recibido -> En Preparación
1,PED-490,Pedido Recibido,En Preparación,PED-490: Pedido Recibido -> En Preparación
1,PED-491,Pedido Recibido,En Preparación,PED-491: Pedido Recibido -> En Preparación
1,PED-492,Pedido Recibido,En Preparación,PED-492: Pedido Recibido -> En Preparación
1,PED-493,Pedido Recibido,En Preparación,PED-493: Pedido Recibido -> En Preparación
1,PED-494,Pedido Recibido,En Preparación,PED-494: Pedido Recibido -> En Preparación
1,PED-495,Pedido Recibido,En Preparación,PED-495: Pedido Recibido -> En Preparación
1,PED-496,Pedido Recibido,En Preparación,PED-496: Pedido Recibido -> En Preparación
1,PED-497,Pedido Recibido,En Preparación,PED-497: Pedido Recibido -> En Preparación
1,PED-498,Pedido Recibido,En Preparación,PED-498: Pedido Recibido -> En Preparación
1,PED-499,Pedido Recibido,En Preparación,PED-499: Pedido Recibido -> En Preparación
1,PED-500,Pedido Recibido,En Preparación,PED-500: Pedido Recibido -> En Preparación
1,PED-501,Pedido Recibido,En Preparación,PED-501: Pedido Recibido -> En Preparación
1,PED-502,Pedido Recibido,En Preparación,PED-502: Pedido Recibido -> En Preparación
1,PED-503,Pedido Recibido,En Preparación,PED-503: Pedido Recibido -> En Preparación
1,PED-504,Pedido Recibido,En Preparación,PED-504: Pedido Recibido -> En Preparación
1,PED-505,Pedido Recibido,En Preparación,PED-505: Pedido Recibido -> En Preparación
1,PED-506,Pedido Recibido,En Preparación,PED-506: Pedido Recibido -> En Preparación
1,PED-507,Pedido Recibido,En Preparación,PED-507: Pedido Recibido -> En Preparación
1,PED-508,Pedido Recibido,En Preparación,PED-508: Pedido Recibido -> En Preparación
1,PED-509,Pedido Recibido,En Preparación,PED-509: Pedido Recibido -> En Preparación
1,PED-510,Pedido Recibido,En Preparación,PED-510: Pedido Recibido -> En Preparación
1,PED-511,Pedido Recibido,En Preparación,PED-511: Pedido Recibido -> En Preparación
1,PED-512,Pedido Recibido,En Preparación,PED-512: Pedido Recibido -> En Preparación
1,PED-513,Pedido Recibido,En Preparación,PED-513: Pedido Recibido -> En Preparación
1,PED-514,Pedido Recibido,En Preparación,PED-514: Pedido Recibido -> En Preparación
1,PED-515,Pedido Recibido,En Preparación,PED-515: Pedido Recibido -> En Preparación
1,PED-516,Pedido Recibido,En Preparación,PED-516: Pedido Recibido -> En Preparación
1,PED-517,Pedido Recibido,En Preparación,PED-517: Pedido Recibido -> En Preparación
1,PED-518,Pedido Recibido,En Preparación,PED-518: Pedido Recibido -> En Preparación
1,PED-519,Pedido Recibido,En Preparación,PED-519: Pedido Recibido -> En Preparación
1,PED-520,Pedido Recibido,En Preparación,PED-520: Pedido Recibido -> En Preparación
1,PED-521,Pedido Recibido,En Preparación,PED-521: Pedido Recibido -> En Preparación
1,PED-522,Pedido Recibido,En Preparación,PED-522: Pedido Recibido -> En Preparación
1,PED-523,Pedido Recibido,En Preparación,PED-523: Pedido Recibido -> En Preparación
1,PED-524,Pedido Recibido,En Preparación,PED-524: Pedido Recibido -> En Preparación
1,PED-525,Pedido Recibido,En Preparación,PED-525: Pedido Recibido -> En Preparación
1,PED-526,Pedido Recibido,En Preparación,PED-526: Pedido Recibido -> En Preparación
1,PED-527,Pedido Recibido,En Preparación,PED-527: Pedido Recibido -> En Preparación
1,PED-528,Pedido Recibido,En Preparación,PED-528: Pedido Recibido -> En Preparación
1,PED-529,Pedido Recibido,En Preparación,PED-529: Pedido Recibido -> En Preparación
1,PED-530,Pedido Recibido,Devuelto,PED-530: Pedido Recibido -> Devuelto
1,PED-531,Pedido Recibido,En Preparación,PED-531: Pedido Recibido -> En Preparación
1,PED-532,Pedido Recibido,En Preparación,PED-532: Pedido Recibido -> En Preparación
1,PED-533,Pedido Recibido,En Preparación,PED-533: Pedido Recibido -> En Preparación
1,PED-534,Pedido Recibido,En Preparación,PED-534: Pedido Recibido -> En Preparación
1,PED-535,Pedido Recibido,En Preparación,PED-535: Pedido Recibido -> En Preparación
1,PED-536,Pedido Recibido,En Preparación,PED-536: Pedido Recibido -> En Preparación
1,PED-537,Pedido Recibido,En Preparación,PED-537: Pedido Recibido -> En Preparación
1,PED-538,Pedido Recibido,En Preparación,PED-538: Pedido Recibido -> En Preparación
1,PED-539,Pedido Recibido,En Preparación,PED-539: Pedido Recibido -> En Preparación
1,PED-540,Pedido Recibido,En Preparación,PED-540: Pedido Recibido -> En Preparación
1,PED-541,Pedido Recibido,En Preparación,PED-541: Pedido Recibido -> En Preparación
1,PED-542,Pedido Recibido,En Preparación,PED-542: Pedido Recibido -> En Preparación
1,PED-543,Pedido Recibido,En Preparación,PED-543: Pedido Recibido -> En Preparación
1,PED-544,Pedido Recibido,En Preparación,PED-544: Pedido Recibido -> En Preparación
1,PED-545,Pedido Recibido,En Preparación,PED-545: Pedido Recibido -> En Preparación
1,PED-546,Pedido Recibido,En Preparación,PED-546: Pedido Recibido -> En Preparación
1,PED-547,Pedido Recibido,En Preparación,PED-547: Pedido Recibido -> En Preparación
1,PED-548,Pedido Recibido,En Preparación,PED-548: Pedido Recibido -> En Preparación
1,PED-549,Pedido Recibido,En Preparación,PED-549: Pedido Recibido -> En Preparación
1,PED-550,Pedido Recibido,En Preparación,PED-550: Pedido Recibido -> En Preparación
1,PED-551,Pedido Recibido,En Preparación,PED-551: Pedido Recibido -> En Preparación
1,PED-552,Pedido Recibido,Devuelto,PED-552: Pedido Recibido -> Devuelto
1,PED-553,Pedido Recibido,En Preparación,PED-553: Pedido Recibido -> En Preparación
1,PED-554,Pedido Recibido,En Preparación,PED-554: Pedido Recibido -> En Preparación
1,PED-555,Pedido Recibido,En Preparación,PED-555: Pedido Recibido -> En Preparación
1,PED-556,Pedido Recibido,Devuelto,PED-556: Pedido Recibido -> Devuelto
1,PED-557,Pedido Recibido,En Preparación,PED-557: Pedido Recibido -> En Preparación
1,PED-558,Pedido Recibido,Devuelto,PED-558: Pedido Recibido -> Devuelto
1,PED-559,Pedido Recibido,En Preparación,PED-559: Pedido Recibido -> En Preparación
1,PED-560,Pedido Recibido,En Preparación,PED-560: Pedido Recibido -> En Preparación
1,PED-561,Pedido Recibido,Devuelto,PED-561: Pedido Recibido -> Devuelto
1,PED-562,Pedido Recibido,En Preparación,PED-562: Pedido Recibido -> En Preparación
1,PED-563,Pedido Recibido,En Preparación,PED-563: Pedido Recibido -> En Preparación
1,PED-564,Pedido Recibido,En Preparación,PED-564: Pedido Recibido -> En Preparación
1,PED-565,Pedido Recibido,En Preparación,PED-565: Pedido Recibido -> En Preparación
1,PED-566,Pedido Recibido,En Preparación,PED-566: Pedido Recibido -> En Preparación
1,PED-567,Pedido Recibido,En Preparación,PED-567: Pedido Recibido -> En Preparación
1,PED-568,Pedido Recibido,En Preparación,PED-568: Pedido Recibido -> En Preparación
1,PED-569,Pedido Recibido,Devuelto,PED-569: Pedido Recibido -> Devuelto
1,PED-570,Pedido Recibido,En Preparación,PED-570: Pedido Recibido -> En Preparación
1,PED-571,Pedido Recibido,En Preparación,PED-571: Pedido Recibido -> En Preparación
1,PED-572,Pedido Recibido,En Preparación,PED-572: Pedido Recibido -> En Preparación
1,PED-573,Pedido Recibido,En Preparación,PED-573: Pedido Recibido -> En Preparación
1,PED-574,Pedido Recibido,Devuelto,PED-574: Pedido Recibido -> Devuelto
1,PED-575,Pedido Recibido,Devuelto,PED-575: Pedido Recibido -> Devuelto
1,PED-576,Pedido Recibido,En Preparación,PED-576: Pedido Recibido -> En Preparación
1,PED-577,Pedido Recibido,En Preparación,PED-577: Pedido Recibido -> En Preparación
1,PED-578,Pedido Recibido,En Preparación,PED-578: Pedido Recibido -> En Preparación
1,PED-579,Pedido Recibido,En Preparación,PED-579: Pedido Recibido -> En Preparación
1,PED-580,Pedido Recibido,En Preparación,PED-580: Pedido Recibido -> En Preparación
1,PED-581,Pedido Recibido,En Preparación,PED-581: Pedido Recibido -> En Preparación
1,PED-582,Pedido Recibido,En Preparación,PED-582: Pedido Recibido -> En Preparación
1,PED-583,Pedido Recibido,En Preparación,PED-583: Pedido Recibido -> En Preparación
1,PED-584,Pedido Recibido,En Preparación,PED-584: Pedido Recibido -> En Preparación
1,PED-585,Pedido Recibido,En Preparación,PED-585: Pedido Recibido -> En Preparación
1,PED-586,Pedido Recibido,En Preparación,PED-586: Pedido Recibido -> En Preparación
1,PED-587,Pedido Recibido,En Preparación,PED-587: Pedido Recibido -> En Preparación
1,PED-588,Pedido Recibido,En Preparación,PED-588: Pedido Recibido -> En Preparación
1,PED-589,Pedido Recibido,En Preparación,PED-589: Pedido Recibido -> En Preparación
1,PED-590,Pedido Recibido,En Preparación,PED-590: Pedido Recibido -> En Preparación
1,PED-591,Pedido Recibido,En Preparación,PED-591: Pedido Recibido -> En Preparación
1,PED-592,Pedido Recibido,En Preparación,PED-592: Pedido Recibido -> En Preparación
1,PED-593,Pedido Recibido,En Preparación,PED-593: Pedido Recibido -> En Preparación
1,PED-594,Pedido Recibido,En Preparación,PED-594: Pedido Recibido -> En Preparación
1,PED-595,Pedido Recibido,En Preparación,PED-595: Pedido Recibido -> En Preparación
1,PED-596,Pedido Recibido,En Preparación,PED-596: Pedido Recibido -> En Preparación
1,PED-597,Pedido Recibido,En Preparación,PED-597: Pedido Recibido -> En Preparación
1,PED-598,Pedido Recibido,Devuelto,PED-598: Pedido Recibido -> Devuelto
1,PED-599,Pedido Recibido,En Preparación,PED-599: Pedido Recibido -> En Preparación
1,PED-600,Pedido Recibido,En Preparación,PED-600: Pedido Recibido -> En Preparación
1,PED-601,Pedido Recibido,En Preparación,PED-601: Pedido Recibido -> En Preparación
1,PED-602,Pedido Recibido,En Preparación,PED-602: Pedido Recibido -> En Preparación
1,PED-603,Pedido Recibido,En Preparación,PED-603: Pedido Recibido -> En Preparación
1,PED-604,Pedido Recibido,En Preparación,PED-604: Pedido Recibido -> En Preparación
1,PED-605,Pedido Recibido,En Preparación,PED-605: Pedido Recibido -> En Preparación
1,PED-606,Pedido Recibido,En Preparación,PED-606: Pedido Recibido -> En Preparación
1,PED-607,Pedido Recibido,En Preparación,PED-607: Pedido Recibido -> En Preparación
1,PED-608,Pedido Recibido,En Preparación,PED-608: Pedido Recibido -> En Preparación
1,PED-609,Pedido Recibido,En Preparación,PED-609: Pedido Recibido -> En Preparación
1,PED-610,Pedido Recibido,En Preparación,PED-610: Pedido Recibido -> En Preparación
1,PED-611,Pedido Recibido,En Preparación,PED-611: Pedido Recibido -> En Preparación
1,PED-612,Pedido Recibido,En Preparación,PED-612: Pedido Recibido -> En Preparación
1,PED-613,Pedido Recibido,Devuelto,PED-613: Pedido Recibido -> Devuelto
1,PED-614,Pedido Recibido,En Preparación,PED-614: Pedido Recibido -> En Preparación
1,PED-615,Pedido Recibido,En Preparación,PED-615: Pedido Recibido -> En Preparación
1,PED-616,Pedido Recibido,En Preparación,PED-616: Pedido Recibido -> En Preparación
1,PED-617,Pedido Recibido,En Preparación,PED-617: Pedido Recibido -> En Preparación
1,PED-618,Pedido Recibido,En Preparación,PED-618: Pedido Recibido -> En Preparación
1,PED-619,Pedido Recibido,En Preparación,PED-619: Pedido Recibido -> En Preparación
1,PED-620,Pedido Recibido,En Preparación,PED-620: Pedido Recibido -> En Preparación
1,PED-621,Pedido Recibido,En Preparación,PED-621: Pedido Recibido -> En Preparación
1,PED-622,Pedido Recibido,En Preparación,PED-622: Pedido Recibido -> En Preparación
1,PED-623,Pedido Recibido,Devuelto,PED-623: Pedido Recibido -> Devuelto
1,PED-624,Pedido Recibido,En Preparación,PED-624: Pedido Recibido -> En Preparación
1,PED-625,Pedido Recibido,Devuelto,PED-625: Pedido Recibido -> Devuelto
1,PED-626,Pedido Recibido,En Preparación,PED-626: Pedido Recibido -> En Preparación
1,PED-627,Pedido Recibido,En Preparación,PED-627: Pedido Recibido -> En Preparación
1,PED-628,Pedido Recibido,Devuelto,PED-628: Pedido Recibido -> Devuelto
1,PED-629,Pedido Recibido,En Preparación,PED-629: Pedido Recibido -> En Preparación
1,PED-630,Pedido Recibido,En Preparación,PED-630: Pedido Recibido -> En Preparación
1,PED-631,Pedido Recibido,En Preparación,PED-631: Pedido Recibido -> En Preparación
1,PED-632,Pedido Recibido,En Preparación,PED-632: Pedido Recibido -> En Preparación
1,PED-633,Pedido Recibido,En Preparación,PED-633: Pedido Recibido -> En Preparación
1,PED-634,Pedido Recibido,En Preparación,PED-634: Pedido Recibido -> En Preparación
1,PED-635,Pedido Recibido,En Preparación,PED-635: Pedido Recibido -> En Preparación
1,PED-636,Pedido Recibido,En Preparación,PED-636: Pedido Recibido -> En Preparación
1,PED-637,Pedido Recibido,En Preparación,PED-637: Pedido Recibido -> En Preparación
1,PED-638,Pedido Recibido,En Preparación,PED-638: Pedido Recibido -> En Preparación
1,PED-639,Pedido Recibido,En Preparación,PED-639: Pedido Recibido -> En Preparación
1,PED-640,Pedido Recibido,En Preparación,PED-640: Pedido Recibido -> En Preparación
1,PED-641,Pedido Recibido,En Preparación,PED-641: Pedido Recibido -> En Preparación
1,PED-642,Pedido Recibido,En Preparación,PED-642: Pedido Recibido -> En Preparación
1,PED-643,Pedido Recibido,En Preparación,PED-643: Pedido Recibido -> En Preparación
1,PED-644,Pedido Recibido,En Preparación,PED-644: Pedido Recibido -> En Preparación
1,PED-645,Pedido Recibido,En Preparación,PED-645: Pedido Recibido -> En Preparación
1,PED-646,Pedido Recibido,En Preparación,PED-646: Pedido Recibido -> En Preparación
1,PED-647,Pedido Recibido,En Preparación,PED-647: Pedido Recibido -> En Preparación
1,PED-648,Pedido Recibido,En Preparación,PED-648: Pedido Recibido -> En Preparación
1,PED-649,Pedido Recibido,En Preparación,PED-649: Pedido Recibido -> En Preparación
1,PED-650,Pedido Recibido,En Preparación,PED-650: Pedido Recibido -> En Preparación
1,PED-651,Pedido Recibido,En Preparación,PED-651: Pedido Recibido -> En Preparación
1,PED-652,Pedido Recibido,En Preparación,PED-652: Pedido Recibido -> En Preparación
1,PED-653,Pedido Recibido,En Preparación,PED-653: Pedido Recibido -> En Preparación
1,PED-654,Pedido Recibido,En Preparación,PED-654: Pedido Recibido -> En Preparación
1,PED-655,Pedido Recibido,En Preparación,PED-655: Pedido Recibido -> En Preparación
1,PED-656,Pedido Recibido,En Preparación,PED-656: Pedido Recibido -> En Preparación
1,PED-657,Pedido Recibido,En Preparación,PED-657: Pedido Recibido -> En Preparación
1,PED-658,Pedido Recibido,En Preparación,PED-658: Pedido Recibido -> En Preparación
1,PED-659,Pedido Recibido,En Preparación,PED-659: Pedido Recibido -> En Preparación
1,PED-660,Pedido Recibido,En Preparación,PED-660: Pedido Recibido -> En Preparación
1,PED-661,Pedido Recibido,En Preparación,PED-661: Pedido Recibido -> En Preparación
1,PED-662,Pedido Recibido,En Preparación,PED-662: Pedido Recibido -> En Preparación
1,PED-663,Pedido Recibido,En Preparación,PED-663: Pedido Recibido -> En Preparación
1,PED-664,Pedido Recibido,En Preparación,PED-664: Pedido Recibido -> En Preparación
1,PED-665,Pedido Recibido,En Preparación,PED-665: Pedido Recibido -> En Preparación
1,PED-666,Pedido Recibido,En Preparación,PED-666: Pedido Recibido -> En Preparación
1,PED-667,Pedido Recibido,En Preparación,PED-667: Pedido Recibido -> En Preparación
1,PED-668,Pedido Recibido,En Preparación,PED-668: Pedido Recibido -> En Preparación
1,PED-669,Pedido Recibido,Devuelto,PED-669: Pedido Recibido -> Devuelto
1,PED-670,Pedido Recibido,En Preparación,PED-670: Pedido Recibido -> En Preparación
1,PED-671,Pedido Recibido,En Preparación,PED-671: Pedido Recibido -> En Preparación
1,PED-672,Pedido Recibido,En Preparación,PED-672: Pedido Recibido -> En Preparación
1,PED-673,Pedido Recibido,En Preparación,PED-673: Pedido Recibido -> En Preparación
1,PED-674,Pedido Recibido,En Preparación,PED-674: Pedido Recibido -> En Preparación
1,PED-675,Pedido Recibido,Devuelto,PED-675: Pedido Recibido -> Devuelto
1,PED-676,Pedido Recibido,En Preparación,PED-676: Pedido Recibido -> En Preparación
1,PED-677,Pedido Recibido,En Preparación,PED-677: Pedido Recibido -> En Preparación
1,PED-678,Pedido Recibido,En Preparación,PED-678: Pedido Recibido -> En Preparación
1,PED-679,Pedido Recibido,En Preparación,PED-679: Pedido Recibido -> En Preparación
1,PED-680,Pedido Recibido,En Preparación,PED-680: Pedido Recibido -> En Preparación
1,PED-681,Pedido Recibido,En Preparación,PED-681: Pedido Recibido -> En Preparación
1,PED-682,Pedido Recibido,En Preparación,PED-682: Pedido Recibido -> En Preparación
1,PED-683,Pedido Recibido,En Preparación,PED-683: Pedido Recibido -> En Preparación
1,PED-684,Pedido Recibido,Devuelto,PED-684: Pedido Recibido -> Devuelto
1,PED-685,Pedido Recibido,En Preparación,PED-685: Pedido Recibido -> En Preparación
1,PED-686,Pedido Recibido,En Preparación,PED-686: Pedido Recibido -> En Preparación
1,PED-687,Pedido Recibido,En Preparación,PED-687: Pedido Recibido -> En Preparación
1,PED-688,Pedido Recibido,En Preparación,PED-688: Pedido Recibido -> En Preparación
1,PED-689,Pedido Recibido,En Preparación,PED-689: Pedido Recibido -> En Preparación
1,PED-690,Pedido Recibido,En Preparación,PED-690: Pedido Recibido -> En Preparación
1,PED-691,Pedido Recibido,En Preparación,PED-691: Pedido Recibido -> En Preparación
1,PED-692,Pedido Recibido,En Preparación,PED-692: Pedido Recibido -> En Preparación
1,PED-693,Pedido Recibido,En Preparación,PED-693: Pedido Recibido -> En Preparación
1,PED-694,Pedido Recibido,En Preparación,PED-694: Pedido Recibido -> En Preparación
1,PED-695,Pedido Recibido,En Preparación,PED-695: Pedido Recibido -> En Preparación
1,PED-696,Pedido Recibido,En Preparación,PED-696: Pedido Recibido -> En Preparación
1,PED-697,Pedido Recibido,En Preparación,PED-697: Pedido Recibido -> En Preparación
1,PED-698,Pedido Recibido,En Preparación,PED-698: Pedido Recibido -> En Preparación
1,PED-699,Pedido Recibido,En Preparación,PED-699: Pedido Recibido -> En Preparación
1,PED-700,Pedido Recibido,En Preparación,PED-700: Pedido Recibido -> En Preparación
1,PED-701,Pedido Recibido,En Preparación,PED-701: Pedido Recibido -> En Preparación
1,PED-702,Pedido Recibido,En Preparación,PED-702: Pedido Recibido -> En Preparación
1,PED-703,Pedido Recibido,En Preparación,PED-703: Pedido Recibido -> En Preparación
1,PED-704,Pedido Recibido,Devuelto,PED-704: Pedido Recibido -> Devuelto
1,PED-705,Pedido Recibido,En Preparación,PED-705: Pedido Recibido -> En Preparación
1,PED-706,Pedido Recibido,En Preparación,PED-706: Pedido Recibido -> En Preparación
1,PED-707,Pedido Recibido,En Preparación,PED-707: Pedido Recibido -> En Preparación
1,PED-708,Pedido Recibido,En Preparación,PED-708: Pedido Recibido -> En Preparación
1,PED-709,Pedido Recibido,En Preparación,PED-709: Pedido Recibido -> En Preparación
1,PED-710,Pedido Recibido,En Preparación,PED-710: Pedido Recibido -> En Preparación
1,PED-711,Pedido Recibido,En Preparación,PED-711: Pedido Recibido -> En Preparación
1,PED-712,Pedido Recibido,En Preparación,PED-712: Pedido Recibido -> En Preparación
1,PED-713,Pedido Recibido,En Preparación,PED-713: Pedido Recibido -> En Preparación
1,PED-714,Pedido Recibido,En Preparación,PED-714: Pedido Recibido -> En Preparación
1,PED-715,Pedido Recibido,En Preparación,PED-715: Pedido Recibido -> En Preparación
1,PED-716,Pedido Recibido,En Preparación,PED-716: Pedido Recibido -> En Preparación
1,PED-717,Pedido Recibido,En Preparación,PED-717: Pedido Recibido -> En Preparación
1,PED-718,Pedido Recibido,En Preparación,PED-718: Pedido Recibido -> En Preparación
1,PED-719,Pedido Recibido,En Preparación,PED-719: Pedido Recibido -> En Preparación
1,PED-720,Pedido Recibido,En Preparación,PED-720: Pedido Recibido -> En Preparación
1,PED-721,Pedido Recibido,En Preparación,PED-721: Pedido Recibido -> En Preparación
1,PED-722,Pedido Recibido,En Preparación,PED-722: Pedido Recibido -> En Preparación
1,PED-723,Pedido Recibido,En Preparación,PED-723: Pedido Recibido -> En Preparación
1,PED-724,Pedido Recibido,En Preparación,PED-724: Pedido Recibido -> En Preparación
1,PED-725,Pedido Recibido,En Preparación,PED-725: Pedido Recibido -> En Preparación
1,PED-726,Pedido Recibido,En Preparación,PED-726: Pedido Recibido -> En Preparación
1,PED-727,Pedido Recibido,En Preparación,PED-727: Pedido Recibido -> En Preparación
1,PED-728,Pedido Recibido,En Preparación,PED-728: Pedido Recibido -> En Preparación
1,PED-729,Pedido Recibido,En Preparación,PED-729: Pedido Recibido -> En Preparación
1,PED-730,Pedido Recibido,En Preparación,PED-730: Pedido Recibido -> En Preparación
1,PED-731,Pedido Recibido,En Preparación,PED-731: Pedido Recibido -> En Preparación
1,PED-732,Pedido Recibido,En Preparación,PED-732: Pedido Recibido -> En Preparación
1,PED-733,Pedido Recibido,En Preparación,PED-733: Pedido Recibido -> En Preparación
1,PED-734,Pedido Recibido,En Preparación,PED-734: Pedido Recibido -> En Preparación
1,PED-735,Pedido Recibido,En Preparación,PED-735: Pedido Recibido -> En Preparación
1,PED-736,Pedido Recibido,En Preparación,PED-736: Pedido Recibido -> En Preparación
1,PED-737,Pedido Recibido,Devuelto,PED-737: Pedido Recibido -> Devuelto
1,PED-738,Pedido Recibido,En Preparación,PED-738: Pedido Recibido -> En Preparación
1,PED-739,Pedido Recibido,En Preparación,PED-739: Pedido Recibido -> En Preparación
1,PED-740,Pedido Recibido,Devuelto,PED-740: Pedido Recibido -> Devuelto
1,PED-741,Pedido Recibido,En Preparación,PED-741: Pedido Recibido -> En Preparación
1,PED-742,Pedido Recibido,En Preparación,PED-742: Pedido Recibido -> En Preparación
1,PED-743,Pedido Recibido,En Preparación,PED-743: Pedido Recibido -> En Preparación
1,PED-744,Pedido Recibido,En Preparación,PED-744: Pedido Recibido -> En Preparación
1,PED-745,Pedido Recibido,En Preparación,PED-745: Pedido Recibido -> En Preparación
1,PED-746,Pedido Recibido,En Preparación,PED-746: Pedido Recibido -> En Preparación
1,PED-747,Pedido Recibido,Devuelto,PED-747: Pedido Recibido -> Devuelto
1,PED-748,Pedido Recibido,En Preparación,PED-748: Pedido Recibido -> En Preparación
1,PED-749,Pedido Recibido,En Preparación,PED-749: Pedido Recibido -> En Preparación
1,PED-750,Pedido Recibido,En Preparación,PED-750: Pedido Recibido -> En Preparación
1,PED-751,Pedido Recibido,En Preparación,PED-751: Pedido Recibido -> En Preparación
1,PED-752,Pedido Recibido,En Preparación,PED-752: Pedido Recibido -> En Preparación
1,PED-753,Pedido Recibido,En Preparación,PED-753: Pedido Recibido -> En Preparación
1,PED-754,Pedido Recibido,En Preparación,PED-754: Pedido Recibido -> En Preparación
1,PED-755,Pedido Recibido,En Preparación,PED-755: Pedido Recibido -> En Preparación
1,PED-756,Pedido Recibido,En Preparación,PED-756: Pedido Recibido -> En Preparación
1,PED-757,Pedido Recibido,En Preparación,PED-757: Pedido Recibido -> En Preparación
1,PED-758,Pedido Recibido,En Preparación,PED-758: Pedido Recibido -> En Preparación
1,PED-759,Pedido Recibido,En Preparación,PED-759: Pedido Recibido -> En Preparación
1,PED-760,Pedido Recibido,En Preparación,PED-760: Pedido Recibido -> En Preparación
1,PED-761,Pedido Recibido,En Preparación,PED-761: Pedido Recibido -> En Preparación
1,PED-762,Pedido Recibido,En Preparación,PED-762: Pedido Recibido -> En Preparación
1,PED-763,Pedido Recibido,En Preparación,PED-763: Pedido Recibido -> En Preparación
1,PED-764,Pedido Recibido,En Preparación,PED-764: Pedido Recibido -> En Preparación
1,PED-765,Pedido Recibido,En Preparación,PED-765: Pedido Recibido -> En Preparación
1,PED-766,Pedido Recibido,Devuelto,PED-766: Pedido Recibido -> Devuelto
1,PED-767,Pedido Recibido,En Preparación,PED-767: Pedido Recibido -> En Preparación
1,PED-768,Pedido Recibido,En Preparación,PED-768: Pedido Recibido -> En Preparación
1,PED-769,Pedido Recibido,En Preparación,PED-769: Pedido Recibido -> En Preparación
1,PED-770,Pedido Recibido,Devuelto,PED-770: Pedido Recibido -> Devuelto
1,PED-771,Pedido Recibido,En Preparación,PED-771: Pedido Recibido -> En Preparación
1,PED-772,Pedido Recibido,En Preparación,PED-772: Pedido Recibido -> En Preparación
1,PED-773,Pedido Recibido,En Preparación,PED-773: Pedido Recibido -> En Preparación
1,PED-774,Pedido Recibido,En Preparación,PED-774: Pedido Recibido -> En Preparación
1,PED-775,Pedido Recibido,Devuelto,PED-775: Pedido Recibido -> Devuelto
1,PED-776,Pedido Recibido,Devuelto,PED-776: Pedido Recibido -> Devuelto
1,PED-777,Pedido Recibido,En Preparación,PED-777: Pedido Recibido -> En Preparación
1,PED-778,Pedido Recibido,En Preparación,PED-778: Pedido Recibido -> En Preparación
1,PED-779,Pedido Recibido,En Preparación,PED-779: Pedido Recibido -> En Preparación
1,PED-780,Pedido Recibido,En Preparación,PED-780: Pedido Recibido -> En Preparación
1,PED-781,Pedido Recibido,En Preparación,PED-781: Pedido Recibido -> En Preparación
1,PED-782,Pedido Recibido,En Preparación,PED-782: Pedido Recibido -> En Preparación
1,PED-783,Pedido Recibido,En Preparación,PED-783: Pedido Recibido -> En Preparación
1,PED-784,Pedido Recibido,En Preparación,PED-784: Pedido Recibido -> En Preparación
1,PED-785,Pedido Recibido,En Preparación,PED-785: Pedido Recibido -> En Preparación
1,PED-786,Pedido Recibido,Devuelto,PED-786: Pedido Recibido -> Devuelto
1,PED-787,Pedido Recibido,Devuelto,PED-787: Pedido Recibido -> Devuelto
1,PED-788,Pedido Recibido,En Preparación,PED-788: Pedido Recibido -> En Preparación
1,PED-789,Pedido Recibido,En Preparación,PED-789: Pedido Recibido -> En Preparación
1,PED-790,Pedido Recibido,En Preparación,PED-790: Pedido Recibido -> En Preparación
1,PED-791,Pedido Recibido,En Preparación,PED-791: Pedido Recibido -> En Preparación
1,PED-792,Pedido Recibido,En Preparación,PED-792: Pedido Recibido -> En Preparación
1,PED-793,Pedido Recibido,En Preparación,PED-793: Pedido Recibido -> En Preparación
1,PED-794,Pedido Recibido,En Preparación,PED-794: Pedido Recibido -> En Preparación
1,PED-795,Pedido Recibido,En Preparación,PED-795: Pedido Recibido -> En Preparación
1,PED-796,Pedido Recibido,Devuelto,PED-796: Pedido Recibido -> Devuelto
1,PED-797,Pedido Recibido,En Preparación,PED-797: Pedido Recibido -> En Preparación
1,PED-798,Pedido Recibido,En Preparación,PED-798: Pedido Recibido -> En Preparación
1,PED-799,Pedido Recibido,En Preparación,PED-799: Pedido Recibido -> En Preparación
1,PED-800,Pedido Recibido,En Preparación,PED-800: Pedido Recibido -> En Preparación
1,PED-801,Pedido Recibido,Devuelto,PED-801: Pedido Recibido -> Devuelto
1,PED-802,Pedido Recibido,En Preparación,PED-802: Pedido Recibido -> En Preparación
1,PED-803,Pedido Recibido,En Preparación,PED-803: Pedido Recibido -> En Preparación
1,PED-804,Pedido Recibido,En Preparación,PED-804: Pedido Recibido -> En Preparación
1,PED-805,Pedido Recibido,En Preparación,PED-805: Pedido Recibido -> En Preparación
1,PED-806,Pedido Recibido,Devuelto,PED-806: Pedido Recibido -> Devuelto
1,PED-807,Pedido Recibido,En Preparación,PED-807: Pedido Recibido -> En Preparación
1,PED-808,Pedido Recibido,En Preparación,PED-808: Pedido Recibido -> En Preparación
1,PED-809,Pedido Recibido,En Preparación,PED-809: Pedido Recibido -> En Preparación
1,PED-810,Pedido Recibido,En Preparación,PED-810: Pedido Recibido -> En Preparación
1,PED-811,Pedido Recibido,En Preparación,PED-811: Pedido Recibido -> En Preparación
1,PED-812,Pedido Recibido,En Preparación,PED-812: Pedido Recibido -> En Preparación
1,PED-813,Pedido Recibido,En Preparación,PED-813: Pedido Recibido -> En Preparación
1,PED-814,Pedido Recibido,En Preparación,PED-814: Pedido Recibido -> En Preparación
1,PED-815,Pedido Recibido,Devuelto,PED-815: Pedido Recibido -> Devuelto
1,PED-816,Pedido Recibido,En Preparación,PED-816: Pedido Recibido -> En Preparación
1,PED-817,Pedido Recibido,En Preparación,PED-817: Pedido Recibido -> En Preparación
1,PED-818,Pedido Recibido,En Preparación,PED-818: Pedido Recibido -> En Preparación
1,PED-819,Pedido Recibido,En Preparación,PED-819: Pedido Recibido -> En Preparación
1,PED-820,Pedido Recibido,En Preparación,PED-820: Pedido Recibido -> En Preparación
1,PED-821,Pedido Recibido,En Preparación,PED-821: Pedido Recibido -> En Preparación
1,PED-822,Pedido Recibido,Devuelto,PED-822: Pedido Recibido -> Devuelto
1,PED-823,Pedido Recibido,Devuelto,PED-823: Pedido Recibido -> Devuelto
1,PED-824,Pedido Recibido,En Preparación,PED-824: Pedido Recibido -> En Preparación
1,PED-825,Pedido Recibido,En Preparación,PED-825: Pedido Recibido -> En Preparación
1,PED-826,Pedido Recibido,En Preparación,PED-826: Pedido Recibido -> En Preparación
1,PED-827,Pedido Recibido,En Preparación,PED-827: Pedido Recibido -> En Preparación
1,PED-828,Pedido Recibido,Devuelto,PED-828: Pedido Recibido -> Devuelto
1,PED-829,Pedido Recibido,En Preparación,PED-829: Pedido Recibido -> En Preparación
1,PED-830,Pedido Recibido,En Preparación,PED-830: Pedido Recibido -> En Preparación
1,PED-831,Pedido Recibido,Devuelto,PED-831: Pedido Recibido -> Devuelto
1,PED-832,Pedido Recibido,Devuelto,PED-832: Pedido Recibido -> Devuelto
1,PED-833,Pedido Recibido,En Preparación,PED-833: Pedido Recibido -> En Preparación
1,PED-834,Pedido Recibido,En Preparación,PED-834: Pedido Recibido -> En Preparación
1,PED-835,Pedido Recibido,En Preparación,PED-835: Pedido Recibido -> En Preparación
1,PED-836,Pedido Recibido,En Preparación,PED-836: Pedido Recibido -> En Preparación
1,PED-837,Pedido Recibido,En Preparación,PED-837: Pedido Recibido -> En Preparación
1,PED-838,Pedido Recibido,En Preparación,PED-838: Pedido Recibido -> En Preparación
1,PED-839,Pedido Recibido,En Preparación,PED-839: Pedido Recibido -> En Preparación
1,PED-840,Pedido Recibido,En Preparación,PED-840: Pedido Recibido -> En Preparación
1,PED-841,Pedido Recibido,En Preparación,PED-841: Pedido Recibido -> En Preparación
1,PED-842,Pedido Recibido,En Preparación,PED-842: Pedido Recibido -> En Preparación
1,PED-843,Pedido Recibido,En Preparación,PED-843: Pedido Recibido -> En Preparación
1,PED-844,Pedido Recibido,En Preparación,PED-844: Pedido Recibido -> En Preparación
1,PED-845,Pedido Recibido,En Preparación,PED-845: Pedido Recibido -> En Preparación
1,PED-846,Pedido Recibido,En Preparación,PED-846: Pedido Recibido -> En Preparación
1,PED-847,Pedido Recibido,En Preparación,PED-847: Pedido Recibido -> En Preparación
1,PED-848,Pedido Recibido,En Preparación,PED-848: Pedido Recibido -> En Preparación
1,PED-849,Pedido Recibido,En Preparación,PED-849: Pedido Recibido -> En Preparación
1,PED-850,Pedido Recibido,En Preparación,PED-850: Pedido Recibido -> En Preparación
1,PED-851,Pedido Recibido,En Preparación,PED-851: Pedido Recibido -> En Preparación
1,PED-852,Pedido Recibido,Devuelto,PED-852: Pedido Recibido -> Devuelto
1,PED-853,Pedido Recibido,Devuelto,PED-853: Pedido Recibido -> Devuelto
1,PED-854,Pedido Recibido,En Preparación,PED-854: Pedido Recibido -> En Preparación
1,PED-855,Pedido Recibido,En Preparación,PED-855: Pedido Recibido -> En Preparación
1,PED-856,Pedido Recibido,En Preparación,PED-856: Pedido Recibido -> En Preparación
1,PED-857,Pedido Recibido,En Preparación,PED-857: Pedido Recibido -> En Preparación
1,PED-858,Pedido Recibido,En Preparación,PED-858: Pedido Recibido -> En Preparación
1,PED-859,Pedido Recibido,Devuelto,PED-859: Pedido Recibido -> Devuelto
1,PED-860,Pedido Recibido,En Preparación,PED-860: Pedido Recibido -> En Preparación
1,PED-861,Pedido Recibido,En Preparación,PED-861: Pedido Recibido -> En Preparación
1,PED-862,Pedido Recibido,En Preparación,PED-862: Pedido Recibido -> En Preparación
1,PED-863,Pedido Recibido,En Preparación,PED-863: Pedido Recibido -> En Preparación
1,PED-864,Pedido Recibido,En Preparación,PED-864: Pedido Recibido -> En Preparación
1,PED-865,Pedido Recibido,Devuelto,PED-865: Pedido Recibido -> Devuelto
1,PED-866,Pedido Recibido,En Preparación,PED-866: Pedido Recibido -> En Preparación
1,PED-867,Pedido Recibido,En Preparación,PED-867: Pedido Recibido -> En Preparación
1,PED-868,Pedido Recibido,En Preparación,PED-868: Pedido Recibido -> En Preparación
1,PED-869,Pedido Recibido,En Preparación,PED-869: Pedido Recibido -> En Preparación
1,PED-870,Pedido Recibido,En Preparación,PED-870: Pedido Recibido -> En Preparación
1,PED-871,Pedido Recibido,Devuelto,PED-871: Pedido Recibido -> Devuelto
1,PED-872,Pedido Recibido,En Preparación,PED-872: Pedido Recibido -> En Preparación
1,PED-873,Pedido Recibido,En Preparación,PED-873: Pedido Recibido -> En Preparación
1,PED-874,Pedido Recibido,En Preparación,PED-874: Pedido Recibido -> En Preparación
1,PED-875,Pedido Recibido,En Preparación,PED-875: Pedido Recibido -> En Preparación
1,PED-876,Pedido Recibido,En Preparación,PED-876: Pedido Recibido -> En Preparación
1,PED-877,Pedido Recibido,Devuelto,PED-877: Pedido Recibido -> Devuelto
1,PED-878,Pedido Recibido,En Preparación,PED-878: Pedido Recibido -> En Preparación
1,PED-879,Pedido Recibido,En Preparación,PED-879: Pedido Recibido -> En Preparación
1,PED-880,Pedido Recibido,En Preparación,PED-880: Pedido Recibido -> En Preparación
1,PED-881,Pedido Recibido,En Preparación,PED-881: Pedido Recibido -> En Preparación
1,PED-882,Pedido Recibido,En Preparación,PED-882: Pedido Recibido -> En Preparación
1,PED-883,Pedido Recibido,En Preparación,PED-883: Pedido Recibido -> En Preparación
1,PED-884,Pedido Recibido,En Preparación,PED-884: Pedido Recibido -> En Preparación
1,PED-885,Pedido Recibido,En Preparación,PED-885: Pedido Recibido -> En Preparación
1,PED-886,Pedido Recibido,En Preparación,PED-886: Pedido Recibido -> En Preparación
1,PED-887,Pedido Recibido,En Preparación,PED-887: Pedido Recibido -> En Preparación
1,PED-888,Pedido Recibido,En Preparación,PED-888: Pedido Recibido -> En Preparación
1,PED-889,Pedido Recibido,En Preparación,PED-889: Pedido Recibido -> En Preparación
1,PED-890,Pedido Recibido,En Preparación,PED-890: Pedido Recibido -> En Preparación
1,PED-891,Pedido Recibido,En Preparación,PED-891: Pedido Recibido -> En Preparación
1,PED-892,Pedido Recibido,En Preparación,PED-892: Pedido Recibido -> En Preparación
1,PED-893,Pedido Recibido,En Preparación,PED-893: Pedido Recibido -> En Preparación
1,PED-894,Pedido Recibido,En Preparación,PED-894: Pedido Recibido -> En Preparación
1,PED-895,Pedido Recibido,En Preparación,PED-895: Pedido Recibido -> En Preparación
1,PED-896,Pedido Recibido,En Preparación,PED-896: Pedido Recibido -> En Preparación
1,PED-897,Pedido Recibido,En Preparación,PED-897: Pedido Recibido -> En Preparación
1,PED-898,Pedido Recibido,En Preparación,PED-898: Pedido Recibido -> En Preparación
1,PED-899,Pedido Recibido,En Preparación,PED-899: Pedido Recibido -> En Preparación
1,PED-900,Pedido Recibido,En Preparación,PED-900: Pedido Recibido -> En Preparación
1,PED-901,Pedido Recibido,En Preparación,PED-901: Pedido Recibido -> En Preparación
1,PED-902,Pedido Recibido,En Preparación,PED-902: Pedido Recibido -> En Preparación
1,PED-903,Pedido Recibido,En Preparación,PED-903: Pedido Recibido -> En Preparación
1,PED-904,Pedido Recibido,En Preparación,PED-904: Pedido Recibido -> En Preparación
1,PED-905,Pedido Recibido,Devuelto,PED-905: Pedido Recibido -> Devuelto
1,PED-906,Pedido Recibido,En Preparación,PED-906: Pedido Recibido -> En Preparación
1,PED-907,Pedido Recibido,En Preparación,PED-907: Pedido Recibido -> En Preparación
1,PED-908,Pedido Recibido,En Preparación,PED-908: Pedido Recibido -> En Preparación
1,PED-909,Pedido Recibido,En Preparación,PED-909: Pedido Recibido -> En Preparación
1,PED-910,Pedido Recibido,Devuelto,PED-910: Pedido Recibido -> Devuelto
1,PED-911,Pedido Recibido,En Preparación,PED-911: Pedido Recibido -> En Preparación
1,PED-912,Pedido Recibido,En Preparación,PED-912: Pedido Recibido -> En Preparación
1,PED-913,Pedido Recibido,En Preparación,PED-913: Pedido Recibido -> En Preparación
1,PED-914,Pedido Recibido,En Preparación,PED-914: Pedido Recibido -> En Preparación
1,PED-915,Pedido Recibido,En Preparación,PED-915: Pedido Recibido -> En Preparación
1,PED-916,Pedido Recibido,En Preparación,PED-916: Pedido Recibido -> En Preparación
1,PED-917,Pedido Recibido,En Preparación,PED-917: Pedido Recibido -> En Preparación
1,PED-918,Pedido Recibido,En Preparación,PED-918: Pedido Recibido -> En Preparación
1,PED-919,Pedido Recibido,En Preparación,PED-919: Pedido Recibido -> En Preparación
1,PED-920,Pedido Recibido,En Preparación,PED-920: Pedido Recibido -> En Preparación
1,PED-921,Pedido Recibido,En Preparación,PED-921: Pedido Recibido -> En Preparación
1,PED-922,Pedido Recibido,Devuelto,PED-922: Pedido Recibido -> Devuelto
1,PED-923,Pedido Recibido,En Preparación,PED-923: Pedido Recibido -> En Preparación
1,PED-924,Pedido Recibido,En Preparación,PED-924: Pedido Recibido -> En Preparación
1,PED-925,Pedido Recibido,En Preparación,PED-925: Pedido Recibido -> En Preparación
1,PED-926,Pedido Recibido,En Preparación,PED-926: Pedido Recibido -> En Preparación
1,PED-927,Pedido Recibido,En Preparación,PED-927: Pedido Recibido -> En Preparación
1,PED-928,Pedido Recibido,En Preparación,PED-928: Pedido Recibido -> En Preparación
1,PED-929,Pedido Recibido,En Preparación,PED-929: Pedido Recibido -> En Preparación
1,PED-930,Pedido Recibido,En Preparación,PED-930: Pedido Recibido -> En Preparación
1,PED-931,Pedido Recibido,En Preparación,PED-931: Pedido Recibido -> En Preparación
1,PED-932,Pedido Recibido,En Preparación,PED-932: Pedido Recibido -> En Preparación
1,PED-933,Pedido Recibido,En Preparación,PED-933: Pedido Recibido -> En Preparación
1,PED-934,Pedido Recibido,En Preparación,PED-934: Pedido Recibido -> En Preparación
1,PED-935,Pedido Recibido,En Preparación,PED-935: Pedido Recibido -> En Preparación
1,PED-936,Pedido Recibido,En Preparación,PED-936: Pedido Recibido -> En Preparación
1,PED-937,Pedido Recibido,En Preparación,PED-937: Pedido Recibido -> En Preparación
1,PED-938,Pedido Recibido,Devuelto,PED-938: Pedido Recibido -> Devuelto
1,PED-939,Pedido Recibido,En Preparación,PED-939: Pedido Recibido -> En Preparación
1,PED-940,Pedido Recibido,En Preparación,PED-940: Pedido Recibido -> En Preparación
1,PED-941,Pedido Recibido,En Preparación,PED-941: Pedido Recibido -> En Preparación
1,PED-942,Pedido Recibido,En Preparación,PED-942: Pedido Recibido -> En Preparación
1,PED-943,Pedido Recibido,En Preparación,PED-943: Pedido Recibido -> En Preparación
1,PED-944,Pedido Recibido,Devuelto,PED-944: Pedido Recibido -> Devuelto
1,PED-945,Pedido Recibido,En Preparación,PED-945: Pedido Recibido -> En Preparación
1,PED-946,Pedido Recibido,En Preparación,PED-946: Pedido Recibido -> En Preparación
1,PED-947,Pedido Recibido,En Preparación,PED-947: Pedido Recibido -> En Preparación
1,PED-948,Pedido Recibido,En Preparación,PED-948: Pedido Recibido -> En Preparación
1,PED-949,Pedido Recibido,En Preparación,PED-949: Pedido Recibido -> En Preparación
1,PED-950,Pedido Recibido,En Preparación,PED-950: Pedido Recibido -> En Preparación
1,PED-951,Pedido Recibido,En Preparación,PED-951: Pedido Recibido -> En Preparación
1,PED-952,Pedido Recibido,En Preparación,PED-952: Pedido Recibido -> En Preparación
1,PED-953,Pedido Recibido,En Preparación,PED-953: Pedido Recibido -> En Preparación
1,PED-954,Pedido Recibido,En Preparación,PED-954: Pedido Recibido -> En Preparación
1,PED-955,Pedido Recibido,En Preparación,PED-955: Pedido Recibido -> En Preparación
1,PED-956,Pedido Recibido,En Preparación,PED-956: Pedido Recibido -> En Preparación
1,PED-957,Pedido Recibido,En Preparación,PED-957: Pedido Recibido -> En Preparación
1,PED-958,Pedido Recibido,En Preparación,PED-958: Pedido Recibido -> En Preparación
1,PED-959,Pedido Recibido,En Preparación,PED-959: Pedido Recibido -> En Preparación
1,PED-960,Pedido Recibido,En Preparación,PED-960: Pedido Recibido -> En Preparación
1,PED-961,Pedido Recibido,En Preparación,PED-961: Pedido Recibido -> En Preparación
1,PED-962,Pedido Recibido,En Preparación,PED-962: Pedido Recibido -> En Preparación
1,PED-963,Pedido Recibido,En Preparación,PED-963: Pedido Recibido -> En Preparación
1,PED-964,Pedido Recibido,En Preparación,PED-964: Pedido Recibido -> En Preparación
1,PED-965,Pedido Recibido,En Preparación,PED-965: Pedido Recibido -> En Preparación
1,PED-966,Pedido Recibido,En Preparación,PED-966: Pedido Recibido -> En Preparación
1,PED-967,Pedido Recibido,Devuelto,PED-967: Pedido Recibido -> Devuelto
1,PED-968,Pedido Recibido,En Preparación,PED-968: Pedido Recibido -> En Preparación
1,PED-969,Pedido Recibido,Devuelto,PED-969: Pedido Recibido -> Devuelto
1,PED-970,Pedido Recibido,En Preparación,PED-970: Pedido Recibido -> En Preparación
1,PED-971,Pedido Recibido,En Preparación,PED-971: Pedido Recibido -> En Preparación
1,PED-972,Pedido Recibido,En Preparación,PED-972: Pedido Recibido -> En Preparación
1,PED-973,Pedido Recibido,En Preparación,PED-973: Pedido Recibido -> En Preparación
1,PED-974,Pedido Recibido,En Preparación,PED-974: Pedido Recibido -> En Preparación
1,PED-975,Pedido Recibido,En Preparación,PED-975: Pedido Recibido -> En Preparación
1,PED-976,Pedido Recibido,En Preparación,PED-976: Pedido Recibido -> En Preparación
1,PED-977,Pedido Recibido,En Preparación,PED-977: Pedido Recibido -> En Preparación
1,PED-978,Pedido Recibido,En Preparación,PED-978: Pedido Recibido -> En Preparación
1,PED-979,Pedido Recibido,En Preparación,PED-979: Pedido Recibido -> En Preparación
1,PED-980,Pedido Recibido,En Preparación,PED-980: Pedido Recibido -> En Preparación
1,PED-981,Pedido Recibido,En Preparación,PED-981: Pedido Recibido -> En Preparación
1,PED-982,Pedido Recibido,En Preparación,PED-982: Pedido Recibido -> En Preparación
1,PED-983,Pedido Recibido,En Preparación,PED-983: Pedido Recibido -> En Preparación
1,PED-984,Pedido Recibido,En Preparación,PED-984: Pedido Recibido -> En Preparación
1,PED-985,Pedido Recibido,En Preparación,PED-985: Pedido Recibido -> En Preparación
1,PED-986,Pedido Recibido,En Preparación,PED-986: Pedido Recibido -> En Preparación
1,PED-987,Pedido Recibido,En Preparación,PED-987: Pedido Recibido -> En Preparación
1,PED-988,Pedido Recibido,Devuelto,PED-988: Pedido Recibido -> Devuelto
1,PED-989,Pedido Recibido,En Preparación,PED-989: Pedido Recibido -> En Preparación
1,PED-990,Pedido Recibido,En Preparación,PED-990: Pedido Recibido -> En Preparación
1,PED-991,Pedido Recibido,En Preparación,PED-991: Pedido Recibido -> En Preparación
1,PED-992,Pedido Recibido,En Preparación,PED-992: Pedido Recibido -> En Preparación
1,PED-993,Pedido Recibido,En Preparación,PED-993: Pedido Recibido -> En Preparación
1,PED-994,Pedido Recibido,En Preparación,PED-994: Pedido Recibido -> En Preparación
1,PED-995,Pedido Recibido,En Preparación,PED-995: Pedido Recibido -> En Preparación
1,PED-996,Pedido Recibido,En Preparación,PED-996: Pedido Recibido -> En Preparación
1,PED-997,Pedido Recibido,En Preparación,PED-997: Pedido Recibido -> En Preparación
1,PED-998,Pedido Recibido,En Preparación,PED-998: Pedido Recibido -> En Preparación
1,PED-999,Pedido Recibido,En Preparación,PED-999: Pedido Recibido -> En Preparación
1,PED-1000,Pedido Recibido,En Preparación,PED-1000: Pedido Recibido -> En Preparación
2,PED-002,En Preparación,En Bodega,PED-002: En Preparación -> En Bodega
2,PED-003,En Preparación,En Bodega,PED-003: En Preparación -> En Bodega
2,PED-005,En Preparación,En Bodega,PED-005: En Preparación -> En Bodega
2,PED-006,En Preparación,En Bodega,PED-006: En Preparación -> En Bodega
2,PED-007,En Preparación,En Preparación,PED-007: En Preparación -> En Preparación
2,PED-008,En Preparación,En Preparación,PED-008: En Preparación -> En Preparación
2,PED-009,En Preparación,En Bodega,PED-009: En Preparación -> En Bodega
2,PED-010,En Preparación,En Bodega,PED-010: En Preparación -> En Bodega
2,PED-012,En Preparación,En Preparación,PED-012: En Preparación -> En Preparación
2,PED-014,En Preparación,En Bodega,PED-014: En Preparación -> En Bodega
2,PED-015,En Preparación,En Bodega,PED-015: En Preparación -> En Bodega
2,PED-016,En Preparación,En Bodega,PED-016: En Preparación -> En Bodega
2,PED-017,En Preparación,En Bodega,PED-017: En Preparación -> En Bodega
2,PED-018,En Preparación,En Bodega,PED-018: En Preparación -> En Bodega
2,PED-019,En Preparación,En Bodega,PED-019: En Preparación -> En Bodega
2,PED-020,En Preparación,En Bodega,PED-020: En Preparación -> En Bodega
2,PED-021,En Preparación,En Bodega,PED-021: En Preparación -> En Bodega
2,PED-023,En Preparación,En Bodega,PED-023: En Preparación -> En Bodega
2,PED-026,En Preparación,En Bodega,PED-026: En Preparación -> En Bodega
2,PED-027,En Preparación,En Bodega,PED-027: En Preparación -> En Bodega
2,PED-028,En Preparación,En Bodega,PED-028: En Preparación -> En Bodega
2,PED-029,En Preparación,En Bodega,PED-029: En Preparación -> En Bodega
2,PED-030,En Preparación,En Bodega,PED-030: En Preparación -> En Bodega
2,PED-031,En Preparación,En Bodega,PED-031: En Preparación -> En Bodega
2,PED-032,En Preparación,En Bodega,PED-032: En Preparación -> En Bodega
2,PED-033,En Preparación,En Bodega,PED-033: En Preparación -> En Bodega
2,PED-034,En Preparación,En Bodega,PED-034: En Preparación -> En Bodega
2,PED-035,En Preparación,En Bodega,PED-035: En Preparación -> En Bodega
2,PED-036,En Preparación,En Bodega,PED-036: En Preparación -> En Bodega
2,PED-037,En Preparación,En Bodega,PED-037: En Preparación -> En Bodega
2,PED-038,En Preparación,En Preparación,PED-038: En Preparación -> En Preparación
2,PED-039,En Preparación,En Bodega,PED-039: En Preparación -> En Bodega
2,PED-040,En Preparación,En Bodega,PED-040: En Preparación -> En Bodega
2,PED-042,En Preparación,En Bodega,PED-042: En Preparación -> En Bodega
2,PED-043,En Preparación,En Bodega,PED-043: En Preparación -> En Bodega
2,PED-044,En Preparación,En Bodega,PED-044: En Preparación -> En Bodega
2,PED-045,En Preparación,En Bodega,PED-045: En Preparación -> En Bodega
2,PED-046,En Preparación,En Bodega,PED-046: En Preparación -> En Bodega
2,PED-047,En Preparación,En Bodega,PED-047: En Preparación -> En Bodega
2,PED-048,En Preparación,En Bodega,PED-048: En Preparación -> En Bodega
2,PED-049,En Preparación,En Bodega,PED-049: En Preparación -> En Bodega
2,PED-050,En Preparación,En Bodega,PED-050: En Preparación -> En Bodega
2,PED-051,En Preparación,En Bodega,PED-051: En Preparación -> En Bodega
2,PED-052,En Preparación,En Bodega,PED-052: En Preparación -> En Bodega
2,PED-053,En Preparación,En Bodega,PED-053: En Preparación -> En Bodega
2,PED-054,En Preparación,En Bodega,PED-054: En Preparación -> En Bodega
2,PED-056,En Preparación,En Bodega,PED-056: En Preparación -> En Bodega
2,PED-057,En Preparación,En Bodega,PED-057: En Preparación -> En Bodega
2,PED-058,En Preparación,En Bodega,PED-058: En Preparación -> En Bodega
2,PED-059,En Preparación,En Preparación,PED-059: En Preparación -> En Preparación
2,PED-060,En Preparación,En Bodega,PED-060: En Preparación -> En Bodega
2,PED-061,En Preparación,En Bodega,PED-061: En Preparación -> En Bodega
2,PED-062,En Preparación,En Bodega,PED-062: En Preparación -> En Bodega
2,PED-063,En Preparación,En Bodega,PED-063: En Preparación -> En Bodega
2,PED-064,En Preparación,En Bodega,PED-064: En Preparación -> En Bodega
2,PED-065,En Preparación,En Bodega,PED-065: En Preparación -> En Bodega
2,PED-066,En Preparación,En Bodega,PED-066: En Preparación -> En Bodega
2,PED-067,En Preparación,En Bodega,PED-067: En Preparación -> En Bodega
2,PED-068,En Preparación,En Bodega,PED-068: En Preparación -> En Bodega
2,PED-069,En Preparación,En Bodega,PED-069: En Preparación -> En Bodega
2,PED-070,En Preparación,En Preparación,PED-070: En Preparación -> En Preparación
2,PED-071,En Preparación,En Bodega,PED-071: En Preparación -> En Bodega
2,PED-072,En Preparación,En Bodega,PED-072: En Preparación -> En Bodega
2,PED-073,En Preparación,En Bodega,PED-073: En Preparación -> En Bodega
2,PED-075,En Preparación,En Bodega,PED-075: En Preparación -> En Bodega
2,PED-077,En Preparación,En Bodega,PED-077: En Preparación -> En Bodega
2,PED-078,En Preparación,En Bodega,PED-078: En Preparación -> En Bodega
2,PED-079,En Preparación,En Bodega,PED-079: En Preparación -> En Bodega
2,PED-080,En Preparación,En Bodega,PED-080: En Preparación -> En Bodega
2,PED-081,En Preparación,En Bodega,PED-081: En Preparación -> En Bodega
2,PED-082,En Preparación,En Preparación,PED-082: En Preparación -> En Preparación
2,PED-083,En Preparación,En Bodega,PED-083: En Preparación -> En Bodega
2,PED-084,En Preparación,En Bodega,PED-084: En Preparación -> En Bodega
2,PED-085,En Preparación,En Bodega,PED-085: En Preparación -> En Bodega
2,PED-086,En Preparación,En Bodega,PED-086: En Preparación -> En Bodega
2,PED-087,En Preparación,En Bodega,PED-087: En Preparación -> En Bodega
2,PED-088,En Preparación,En Bodega,PED-088: En Preparación -> En Bodega
2,PED-089,En Preparación,En Bodega,PED-089: En Preparación -> En Bodega
2,PED-090,En Preparación,En Bodega,PED-090: En Preparación -> En Bodega
2,PED-091,En Preparación,En Preparación,PED-091: En Preparación -> En Preparación
2,PED-092,En Preparación,En Preparación,PED-092: En Preparación -> En Preparación
2,PED-093,En Preparación,En Bodega,PED-093: En Preparación -> En Bodega
2,PED-094,En Preparación,En Bodega,PED-094: En Preparación -> En Bodega
2,PED-095,En Preparación,En Preparación,PED-095: En Preparación -> En Preparación
2,PED-096,En Preparación,En Bodega,PED-096: En Preparación -> En Bodega
2,PED-097,En Preparación,En Bodega,PED-097: En Preparación -> En Bodega
2,PED-098,En Preparación,En Bodega,PED-098: En Preparación -> En Bodega
2,PED-099,En Preparación,En Bodega,PED-099: En Preparación -> En Bodega
2,PED-100,En Preparación,En Bodega,PED-100: En Preparación -> En Bodega
2,PED-101,En Preparación,En Bodega,PED-101: En Preparación -> En Bodega
2,PED-102,En Preparación,En Bodega,PED-102: En Preparación -> En Bodega
2,PED-103,En Preparación,En Bodega,PED-103: En Preparación -> En Bodega
2,PED-104,En Preparación,En Bodega,PED-104: En Preparación -> En Bodega
2,PED-105,En Preparación,En Bodega,PED-105: En Preparación -> En Bodega
2,PED-106,En Preparación,En Bodega,PED-106: En Preparación -> En Bodega
2,PED-108,En Preparación,En Bodega,PED-108: En Preparación -> En Bodega
2,PED-109,En Preparación,En Bodega,PED-109: En Preparación -> En Bodega
2,PED-110,En Preparación,En Bodega,PED-110: En Preparación -> En Bodega
2,PED-111,En Preparación,En Preparación,PED-111: En Preparación -> En Preparación
2,PED-112,En Preparación,En Preparación,PED-112: En Preparación -> En Preparación
2,PED-113,En Preparación,En Bodega,PED-113: En Preparación -> En Bodega
2,PED-116,En Preparación,En Bodega,PED-116: En Preparación -> En Bodega
2,PED-118,En Preparación,En Bodega,PED-118: En Preparación -> En Bodega
2,PED-119,En Preparación,En Bodega,PED-119: En Preparación -> En Bodega
2,PED-120,En Preparación,En Bodega,PED-120: En Preparación -> En Bodega
2,PED-121,En Preparación,En Preparación,PED-121: En Preparación -> En Preparación
2,PED-122,En Preparación,En Bodega,PED-122: En Preparación -> En Bodega
2,PED-123,En Preparación,En Bodega,PED-123: En Preparación -> En Bodega
2,PED-124,En Preparación,En Bodega,PED-124: En Preparación -> En Bodega
2,PED-125,En Preparación,En Bodega,PED-125: En Preparación -> En Bodega
2,PED-126,En Preparación,En Bodega,PED-126: En Preparación -> En Bodega
2,PED-127,En Preparación,En Bodega,PED-127: En Preparación -> En Bodega
2,PED-129,En Preparación,En Bodega,PED-129: En Preparación -> En Bodega
2,PED-130,En Preparación,En Bodega,PED-130: En Preparación -> En Bodega
2,PED-131,En Preparación,En Bodega,PED-131: En Preparación -> En Bodega
2,PED-132,En Preparación,En Bodega,PED-132: En Preparación -> En Bodega
2,PED-133,En Preparación,En Bodega,PED-133: En Preparación -> En Bodega
2,PED-134,En Preparación,En Preparación,PED-134: En Preparación -> En Preparación
2,PED-135,En Preparación,En Bodega,PED-135: En Preparación -> En Bodega
2,PED-136,En Preparación,En Bodega,PED-136: En Preparación -> En Bodega
2,PED-137,En Preparación,En Bodega,PED-137: En Preparación -> En Bodega
2,PED-139,En Preparación,En Bodega,PED-139: En Preparación -> En Bodega
2,PED-140,En Preparación,En Bodega,PED-140: En Preparación -> En Bodega
2,PED-141,En Preparación,En Bodega,PED-141: En Preparación -> En Bodega
2,PED-142,En Preparación,En Bodega,PED-142: En Preparación -> En Bodega
2,PED-143,En Preparación,En Bodega,PED-143: En Preparación -> En Bodega
2,PED-144,En Preparación,En Preparación,PED-144: En Preparación -> En Preparación
2,PED-145,En Preparación,En Bodega,PED-145: En Preparación -> En Bodega
2,PED-146,En Preparación,En Bodega,PED-146: En Preparación -> En Bodega
2,PED-147,En Preparación,En Bodega,PED-147: En Preparación -> En Bodega
2,PED-148,En Preparación,En Bodega,PED-148: En Preparación -> En Bodega
2,PED-149,En Preparación,En Bodega,PED-149: En Preparación -> En Bodega
2,PED-150,En Preparación,En Bodega,PED-150: En Preparación -> En Bodega
2,PED-151,En Preparación,En Bodega,PED-151: En Preparación -> En Bodega
2,PED-152,En Preparación,En Bodega,PED-152: En Preparación -> En Bodega
2,PED-153,En Preparación,En Bodega,PED-153: En Preparación -> En Bodega
2,PED-154,En Preparación,En Bodega,PED-154: En Preparación -> En Bodega
2,PED-155,En Preparación,En Preparación,PED-155: En Preparación -> En Preparación
2,PED-156,En Preparación,En Bodega,PED-156: En Preparación -> En Bodega
2,PED-158,En Preparación,En Bodega,PED-158: En Preparación -> En Bodega
2,PED-159,En Preparación,En Bodega,PED-159: En Preparación -> En Bodega
2,PED-160,En Preparación,En Bodega,PED-160: En Preparación -> En Bodega
2,PED-161,En Preparación,En Bodega,PED-161: En Preparación -> En Bodega
2,PED-162,En Preparación,En Bodega,PED-162: En Preparación -> En Bodega
2,PED-164,En Preparación,En Bodega,PED-164: En Preparación -> En Bodega
2,PED-166,En Preparación,En Bodega,PED-166: En Preparación -> En Bodega
2,PED-167,En Preparación,En Bodega,PED-167: En Preparación -> En Bodega
2,PED-168,En Preparación,En Bodega,PED-168: En Preparación -> En Bodega
2,PED-169,En Preparación,En Bodega,PED-169: En Preparación -> En Bodega
2,PED-170,En Preparación,En Bodega,PED-170: En Preparación -> En Bodega
2,PED-171,En Preparación,En Bodega,PED-171: En Preparación -> En Bodega
2,PED-172,En Preparación,En Preparación,PED-172: En Preparación -> En Preparación
2,PED-173,En Preparación,En Bodega,PED-173: En Preparación -> En Bodega
2,PED-174,En Preparación,En Bodega,PED-174: En Preparación -> En Bodega
2,PED-175,En Preparación,En Bodega,PED-175: En Preparación -> En Bodega
2,PED-176,En Preparación,En Bodega,PED-176: En Preparación -> En Bodega
2,PED-177,En Preparación,En Bodega,PED-177: En Preparación -> En Bodega
2,PED-178,En Preparación,En Bodega,PED-178: En Preparación -> En Bodega
2,PED-179,En Preparación,En Bodega,PED-179: En Preparación -> En Bodega
2,PED-180,En Preparación,En Bodega,PED-180: En Preparación -> En Bodega
2,PED-181,En Preparación,En Bodega,PED-181: En Preparación -> En Bodega
2,PED-182,En Preparación,En Bodega,PED-182: En Preparación -> En Bodega
2,PED-185,En Preparación,En Bodega,PED-185: En Preparación -> En Bodega
2,PED-186,En Preparación,En Bodega,PED-186: En Preparación -> En Bodega
2,PED-187,En Preparación,En Bodega,PED-187: En Preparación -> En Bodega
2,PED-190,En Preparación,En Preparación,PED-190: En Preparación -> En Preparación
2,PED-192,En Preparación,En Bodega,PED-192: En Preparación -> En Bodega
2,PED-193,En Preparación,En Bodega,PED-193: En Preparación -> En Bodega
2,PED-194,En Preparación,En Bodega,PED-194: En Preparación -> En Bodega
2,PED-195,En Preparación,En Preparación,PED-195: En Preparación -> En Preparación
2,PED-197,En Preparación,En Bodega,PED-197: En Preparación -> En Bodega
2,PED-198,En Preparación,En Bodega,PED-198: En Preparación -> En Bodega
2,PED-199,En Preparación,En Bodega,PED-199: En Preparación -> En Bodega
2,PED-200,En Preparación,En Bodega,PED-200: En Preparación -> En Bodega
2,PED-201,En Preparación,En Bodega,PED-201: En Preparación -> En Bodega
2,PED-202,En Preparación,En Preparación,PED-202: En Preparación -> En Preparación
2,PED-203,En Preparación,En Bodega,PED-203: En Preparación -> En Bodega
2,PED-204,En Preparación,En Preparación,PED-204: En Preparación -> En Preparación
2,PED-205,En Preparación,En Bodega,PED-205: En Preparación -> En Bodega
2,PED-206,En Preparación,En Bodega,PED-206: En Preparación -> En Bodega
2,PED-207,En Preparación,En Bodega,PED-207: En Preparación -> En Bodega
2,PED-208,En Preparación,En Bodega,PED-208: En Preparación -> En Bodega
2,PED-209,En Preparación,En Bodega,PED-209: En Preparación -> En Bodega
2,PED-210,En Preparación,En Bodega,PED-210: En Preparación -> En Bodega
2,PED-212,En Preparación,En Bodega,PED-212: En Preparación -> En Bodega
2,PED-213,En Preparación,En Bodega,PED-213: En Preparación -> En Bodega
2,PED-214,En Preparación,En Bodega,PED-214: En Preparación -> En Bodega
2,PED-215,En Preparación,En Bodega,PED-215: En Preparación -> En Bodega
2,PED-216,En Preparación,En Bodega,PED-216: En Preparación -> En Bodega
2,PED-218,En Preparación,En Bodega,PED-218: En Preparación -> En Bodega
2,PED-219,En Preparación,En Bodega,PED-219: En Preparación -> En Bodega
2,PED-220,En Preparación,En Preparación,PED-220: En Preparación -> En Preparación
2,PED-221,En Preparación,En Bodega,PED-221: En Preparación -> En Bodega
2,PED-222,En Preparación,En Bodega,PED-222: En Preparación -> En Bodega
2,PED-223,En Preparación,En Bodega,PED-223: En Preparación -> En Bodega
2,PED-224,En Preparación,En Bodega,PED-224: En Preparación -> En Bodega
2,PED-225,En Preparación,En Preparación,PED-225: En Preparación -> En Preparación
2,PED-226,En Preparación,En Bodega,PED-226: En Preparación -> En Bodega
2,PED-227,En Preparación,En Bodega,PED-227: En Preparación -> En Bodega
2,PED-228,En Preparación,En Bodega,PED-228: En Preparación -> En Bodega
2,PED-229,En Preparación,En Bodega,PED-229: En Preparación -> En Bodega
2,PED-230,En Preparación,En Bodega,PED-230: En Preparación -> En Bodega
2,PED-231,En Preparación,En Bodega,PED-231: En Preparación -> En Bodega
2,PED-233,En Preparación,En Preparación,PED-233: En Preparación -> En Preparación
2,PED-234,En Preparación,En Bodega,PED-234: En Preparación -> En Bodega
2,PED-235,En Preparación,En Bodega,PED-235: En Preparación -> En Bodega
2,PED-236,En Preparación,En Bodega,PED-236: En Preparación -> En Bodega
2,PED-237,En Preparación,En Bodega,PED-237: En Preparación -> En Bodega
2,PED-238,En Preparación,En Bodega,PED-238: En Preparación -> En Bodega
2,PED-239,En Preparación,En Bodega,PED-239: En Preparación -> En Bodega
2,PED-240,En Preparación,En Preparación,PED-240: En Preparación -> En Preparación
2,PED-241,En Preparación,En Bodega,PED-241: En Preparación -> En Bodega
2,PED-242,En Preparación,En Bodega,PED-242: En Preparación -> En Bodega
2,PED-243,En Preparación,En Bodega,PED-243: En Preparación -> En Bodega
2,PED-244,En Preparación,En Bodega,PED-244: En Preparación -> En Bodega
2,PED-245,En Preparación,En Bodega,PED-245: En Preparación -> En Bodega
2,PED-246,En Preparación,En Bodega,PED-246: En Preparación -> En Bodega
2,PED-247,En Preparación,En Bodega,PED-247: En Preparación -> En Bodega
2,PED-248,En Preparación,En Bodega,PED-248: En Preparación -> En Bodega
2,PED-249,En Preparación,En Bodega,PED-249: En Preparación -> En Bodega
2,PED-250,En Preparación,En Bodega,PED-250: En Preparación -> En Bodega
2,PED-251,En Preparación,En Bodega,PED-251: En Preparación -> En Bodega
2,PED-252,En Preparación,En Bodega,PED-252: En Preparación -> En Bodega
2,PED-253,En Preparación,En Bodega,PED-253: En Preparación -> En Bodega
2,PED-255,En Preparación,En Bodega,PED-255: En Preparación -> En Bodega
2,PED-256,En Preparación,En Bodega,PED-256: En Preparación -> En Bodega
2,PED-257,En Preparación,En Bodega,PED-257: En Preparación -> En Bodega
2,PED-258,En Preparación,En Bodega,PED-258: En Preparación -> En Bodega
2,PED-259,En Preparación,En Bodega,PED-259: En Preparación -> En Bodega
2,PED-261,En Preparación,En Bodega,PED-261: En Preparación -> En Bodega
2,PED-262,En Preparación,En Bodega,PED-262: En Preparación -> En Bodega
2,PED-263,En Preparación,En Bodega,PED-263: En Preparación -> En Bodega
2,PED-264,En Preparación,En Bodega,PED-264: En Preparación -> En Bodega
2,PED-265,En Preparación,En Bodega,PED-265: En Preparación -> En Bodega
2,PED-266,En Preparación,En Bodega,PED-266: En Preparación -> En Bodega
2,PED-268,En Preparación,En Bodega,PED-268: En Preparación -> En Bodega
2,PED-269,En Preparación,En Bodega,PED-269: En Preparación -> En Bodega
2,PED-270,En Preparación,En Bodega,PED-270: En Preparación -> En Bodega
2,PED-271,En Preparación,En Bodega,PED-271: En Preparación -> En Bodega
2,PED-272,En Preparación,En Bodega,PED-272: En Preparación -> En Bodega
2,PED-273,En Preparación,En Bodega,PED-273: En Preparación -> En Bodega
2,PED-274,En Preparación,En Bodega,PED-274: En Preparación -> En Bodega
2,PED-275,En Preparación,En Preparación,PED-275: En Preparación -> En Preparación
2,PED-276,En Preparación,En Bodega,PED-276: En Preparación -> En Bodega
2,PED-277,En Preparación,En Bodega,PED-277: En Preparación -> En Bodega
2,PED-278,En Preparación,En Bodega,PED-278: En Preparación -> En Bodega
2,PED-280,En Preparación,En Bodega,PED-280: En Preparación -> En Bodega
2,PED-281,En Preparación,En Bodega,PED-281: En Preparación -> En Bodega
2,PED-282,En Preparación,En Bodega,PED-282: En Preparación -> En Bodega
2,PED-283,En Preparación,En Bodega,PED-283: En Preparación -> En Bodega
2,PED-284,En Preparación,En Bodega,PED-284: En Preparación -> En Bodega
2,PED-285,En Preparación,En Bodega,PED-285: En Preparación -> En Bodega
2,PED-286,En Preparación,En Bodega,PED-286: En Preparación -> En Bodega
2,PED-287,En Preparación,En Bodega,PED-287: En Preparación -> En Bodega
2,PED-289,En Preparación,En Bodega,PED-289: En Preparación -> En Bodega
2,PED-290,En Preparación,En Bodega,PED-290: En Preparación -> En Bodega
2,PED-291,En Preparación,En Bodega,PED-291: En Preparación -> En Bodega
2,PED-292,En Preparación,En Bodega,PED-292: En Preparación -> En Bodega
2,PED-293,En Preparación,En Preparación,PED-293: En Preparación -> En Preparación
2,PED-294,En Preparación,En Bodega,PED-294: En Preparación -> En Bodega
2,PED-295,En Preparación,En Bodega,PED-295: En Preparación -> En Bodega
2,PED-296,En Preparación,En Bodega,PED-296: En Preparación -> En Bodega
2,PED-297,En Preparación,En Bodega,PED-297: En Preparación -> En Bodega
2,PED-298,En Preparación,En Bodega,PED-298: En Preparación -> En Bodega
2,PED-299,En Preparación,En Bodega,PED-299: En Preparación -> En Bodega
2,PED-300,En Preparación,En Bodega,PED-300: En Preparación -> En Bodega
2,PED-301,En Preparación,En Bodega,PED-301: En Preparación -> En Bodega
2,PED-302,En Preparación,En Bodega,PED-302: En Preparación -> En Bodega
2,PED-303,En Preparación,En Bodega,PED-303: En Preparación -> En Bodega
2,PED-304,En Preparación,En Bodega,PED-304: En Preparación -> En Bodega
2,PED-305,En Preparación,En Bodega,PED-305: En Preparación -> En Bodega
2,PED-306,En Preparación,En Bodega,PED-306: En Preparación -> En Bodega
2,PED-307,En Preparación,En Bodega,PED-307: En Preparación -> En Bodega
2,PED-308,En Preparación,En Bodega,PED-308: En Preparación -> En Bodega
2,PED-309,En Preparación,En Bodega,PED-309: En Preparación -> En Bodega
2,PED-310,En Preparación,En Preparación,PED-310: En Preparación -> En Preparación
2,PED-311,En Preparación,En Bodega,PED-311: En Preparación -> En Bodega
2,PED-312,En Preparación,En Bodega,PED-312: En Preparación -> En Bodega
2,PED-313,En Preparación,En Bodega,PED-313: En Preparación -> En Bodega
2,PED-314,En Preparación,En Bodega,PED-314: En Preparación -> En Bodega
2,PED-316,En Preparación,En Bodega,PED-316: En Preparación -> En Bodega
2,PED-319,En Preparación,En Bodega,PED-319: En Preparación -> En Bodega
2,PED-320,En Preparación,En Bodega,PED-320: En Preparación -> En Bodega
2,PED-321,En Preparación,En Bodega,PED-321: En Preparación -> En Bodega
2,PED-322,En Preparación,En Bodega,PED-322: En Preparación -> En Bodega
2,PED-323,En Preparación,En Bodega,PED-323: En Preparación -> En Bodega
2,PED-324,En Preparación,En Bodega,PED-324: En Preparación -> En Bodega
2,PED-325,En Preparación,En Bodega,PED-325: En Preparación -> En Bodega
2,PED-326,En Preparación,En Bodega,PED-326: En Preparación -> En Bodega
2,PED-327,En Preparación,En Bodega,PED-327: En Preparación -> En Bodega
2,PED-328,En Preparación,En Bodega,PED-328: En Preparación -> En Bodega
2,PED-329,En Preparación,En Bodega,PED-329: En Preparación -> En Bodega
2,PED-330,En Preparación,En Bodega,PED-330: En Preparación -> En Bodega
2,PED-331,En Preparación,En Bodega,PED-331: En Preparación -> En Bodega
2,PED-332,En Preparación,En Bodega,PED-332: En Preparación -> En Bodega
2,PED-333,En Preparación,En Bodega,PED-333: En Preparación -> En Bodega
2,PED-334,En Preparación,En Bodega,PED-334: En Preparación -> En Bodega
2,PED-335,En Preparación,En Bodega,PED-335: En Preparación -> En Bodega
2,PED-336,En Preparación,En Bodega,PED-336: En Preparación -> En Bodega
2,PED-337,En Preparación,En Preparación,PED-337: En Preparación -> En Preparación
2,PED-338,En Preparación,En Bodega,PED-338: En Preparación -> En Bodega
2,PED-339,En Preparación,En Bodega,PED-339: En Preparación -> En Bodega
2,PED-340,En Preparación,En Bodega,PED-340: En Preparación -> En Bodega
2,PED-341,En Preparación,En Bodega,PED-341: En Preparación -> En Bodega
2,PED-342,En Preparación,En Bodega,PED-342: En Preparación -> En Bodega
2,PED-343,En Preparación,En Bodega,PED-343: En Preparación -> En Bodega
2,PED-345,En Preparación,En Preparación,PED-345: En Preparación -> En Preparación
2,PED-346,En Preparación,En Bodega,PED-346: En Preparación -> En Bodega
2,PED-347,En Preparación,En Bodega,PED-347: En Preparación -> En Bodega
2,PED-348,En Preparación,En Bodega,PED-348: En Preparación -> En Bodega
2,PED-349,En Preparación,En Bodega,PED-349: En Preparación -> En Bodega
2,PED-351,En Preparación,En Bodega,PED-351: En Preparación -> En Bodega
2,PED-352,En Preparación,En Bodega,PED-352: En Preparación -> En Bodega
2,PED-353,En Preparación,En Bodega,PED-353: En Preparación -> En Bodega
2,PED-354,En Preparación,En Preparación,PED-354: En Preparación -> En Preparación
2,PED-355,En Preparación,En Bodega,PED-355: En Preparación -> En Bodega
2,PED-356,En Preparación,En Bodega,PED-356: En Preparación -> En Bodega
2,PED-357,En Preparación,En Bodega,PED-357: En Preparación -> En Bodega
2,PED-358,En Preparación,En Bodega,PED-358: En Preparación -> En Bodega
2,PED-359,En Preparación,En Bodega,PED-359: En Preparación -> En Bodega
2,PED-360,En Preparación,En Bodega,PED-360: En Preparación -> En Bodega
2,PED-361,En Preparación,En Bodega,PED-361: En Preparación -> En Bodega
2,PED-362,En Preparación,En Preparación,PED-362: En Preparación -> En Preparación
2,PED-363,En Preparación,En Bodega,PED-363: En Preparación -> En Bodega
2,PED-364,En Preparación,En Bodega,PED-364: En Preparación -> En Bodega
2,PED-365,En Preparación,En Bodega,PED-365: En Preparación -> En Bodega
2,PED-366,En Preparación,En Bodega,PED-366: En Preparación -> En Bodega
2,PED-367,En Preparación,En Bodega,PED-367: En Preparación -> En Bodega
2,PED-368,En Preparación,En Bodega,PED-368: En Preparación -> En Bodega
2,PED-369,En Preparación,En Bodega,PED-369: En Preparación -> En Bodega
2,PED-370,En Preparación,En Bodega,PED-370: En Preparación -> En Bodega
2,PED-371,En Preparación,En Preparación,PED-371: En Preparación -> En Preparación
2,PED-372,En Preparación,En Bodega,PED-372: En Preparación -> En Bodega
2,PED-373,En Preparación,En Bodega,PED-373: En Preparación -> En Bodega
2,PED-374,En Preparación,En Bodega,PED-374: En Preparación -> En Bodega
2,PED-375,En Preparación,En Bodega,PED-375: En Preparación -> En Bodega
2,PED-376,En Preparación,En Bodega,PED-376: En Preparación -> En Bodega
2,PED-377,En Preparación,En Bodega,PED-377: En Preparación -> En Bodega
2,PED-378,En Preparación,En Bodega,PED-378: En Preparación -> En Bodega
2,PED-379,En Preparación,En Bodega,PED-379: En Preparación -> En Bodega
2,PED-380,En Preparación,En Bodega,PED-380: En Preparación -> En Bodega
2,PED-381,En Preparación,En Bodega,PED-381: En Preparación -> En Bodega
2,PED-382,En Preparación,En Bodega,PED-382: En Preparación -> En Bodega
2,PED-383,En Preparación,En Bodega,PED-383: En Preparación -> En Bodega
2,PED-384,En Preparación,En Bodega,PED-384: En Preparación -> En Bodega
2,PED-385,En Preparación,En Preparación,PED-385: En Preparación -> En Preparación
2,PED-386,En Preparación,En Bodega,PED-386: En Preparación -> En Bodega
2,PED-387,En Preparación,En Bodega,PED-387: En Preparación -> En Bodega
2,PED-388,En Preparación,En Bodega,PED-388: En Preparación -> En Bodega
2,PED-389,En Preparación,En Bodega,PED-389: En Preparación -> En Bodega
2,PED-390,En Preparación,En Bodega,PED-390: En Preparación -> En Bodega
2,PED-391,En Preparación,En Bodega,PED-391: En Preparación -> En Bodega
2,PED-392,En Preparación,En Bodega,PED-392: En Preparación -> En Bodega
2,PED-393,En Preparación,En Bodega,PED-393: En Preparación -> En Bodega
2,PED-394,En Preparación,En Bodega,PED-394: En Preparación -> En Bodega
2,PED-396,En Preparación,En Bodega,PED-396: En Preparación -> En Bodega
2,PED-397,En Preparación,En Bodega,PED-397: En Preparación -> En Bodega
2,PED-398,En Preparación,En Bodega,PED-398: En Preparación -> En Bodega
2,PED-399,En Preparación,En Bodega,PED-399: En Preparación -> En Bodega
2,PED-401,En Preparación,En Bodega,PED-401: En Preparación -> En Bodega
2,PED-402,En Preparación,En Bodega,PED-402: En Preparación -> En Bodega
2,PED-403,En Preparación,En Bodega,PED-403: En Preparación -> En Bodega
2,PED-404,En Preparación,En Bodega,PED-404: En Preparación -> En Bodega
2,PED-405,En Preparación,En Bodega,PED-405: En Preparación -> En Bodega
2,PED-406,En Preparación,En Bodega,PED-406: En Preparación -> En Bodega
2,PED-407,En Preparación,En Bodega,PED-407: En Preparación -> En Bodega
2,PED-408,En Preparación,En Bodega,PED-408: En Preparación -> En Bodega
2,PED-409,En Preparación,En Bodega,PED-409: En Preparación -> En Bodega
2,PED-410,En Preparación,En Bodega,PED-410: En Preparación -> En Bodega
2,PED-411,En Preparación,En Bodega,PED-411: En Preparación -> En Bodega
2,PED-412,En Preparación,En Bodega,PED-412: En Preparación -> En Bodega
2,PED-414,En Preparación,En Bodega,PED-414: En Preparación -> En Bodega
2,PED-415,En Preparación,En Bodega,PED-415: En Preparación -> En Bodega
2,PED-416,En Preparación,En Bodega,PED-416: En Preparación -> En Bodega
2,PED-417,En Preparación,En Bodega,PED-417: En Preparación -> En Bodega
2,PED-418,En Preparación,En Bodega,PED-418: En Preparación -> En Bodega
2,PED-419,En Preparación,En Bodega,PED-419: En Preparación -> En Bodega
2,PED-421,En Preparación,En Bodega,PED-421: En Preparación -> En Bodega
2,PED-422,En Preparación,En Bodega,PED-422: En Preparación -> En Bodega
2,PED-424,En Preparación,En Bodega,PED-424: En Preparación -> En Bodega
2,PED-425,En Preparación,En Bodega,PED-425: En Preparación -> En Bodega
2,PED-426,En Preparación,En Bodega,PED-426: En Preparación -> En Bodega
2,PED-427,En Preparación,En Bodega,PED-427: En Preparación -> En Bodega
2,PED-428,En Preparación,En Bodega,PED-428: En Preparación -> En Bodega
2,PED-429,En Preparación,En Bodega,PED-429: En Preparación -> En Bodega
2,PED-430,En Preparación,En Bodega,PED-430: En Preparación -> En Bodega
2,PED-431,En Preparación,En Bodega,PED-431: En Preparación -> En Bodega
2,PED-432,En Preparación,En Bodega,PED-432: En Preparación -> En Bodega
2,PED-433,En Preparación,En Bodega,PED-433: En Preparación -> En Bodega
2,PED-434,En Preparación,En Bodega,PED-434: En Preparación -> En Bodega
2,PED-435,En Preparación,En Bodega,PED-435: En Preparación -> En Bodega
2,PED-436,En Preparación,En Bodega,PED-436: En Preparación -> En Bodega
2,PED-437,En Preparación,En Bodega,PED-437: En Preparación -> En Bodega
2,PED-438,En Preparación,En Bodega,PED-438: En Preparación -> En Bodega
2,PED-439,En Preparación,En Bodega,PED-439: En Preparación -> En Bodega
2,PED-440,En Preparación,En Bodega,PED-440: En Preparación -> En Bodega
2,PED-441,En Preparación,En Bodega,PED-441: En Preparación -> En Bodega
2,PED-442,En Preparación,En Preparación,PED-442: En Preparación -> En Preparación
2,PED-443,En Preparación,En Bodega,PED-443: En Preparación -> En Bodega
2,PED-444,En Preparación,En Bodega,PED-444: En Preparación -> En Bodega
2,PED-445,En Preparación,En Bodega,PED-445: En Preparación -> En Bodega
2,PED-447,En Preparación,En Preparación,PED-447: En Preparación -> En Preparación
2,PED-449,En Preparación,En Bodega,PED-449: En Preparación -> En Bodega
2,PED-451,En Preparación,En Bodega,PED-451: En Preparación -> En Bodega
2,PED-452,En Preparación,En Bodega,PED-452: En Preparación -> En Bodega
2,PED-453,En Preparación,En Bodega,PED-453: En Preparación -> En Bodega
2,PED-454,En Preparación,En Bodega,PED-454: En Preparación -> En Bodega
2,PED-457,En Preparación,En Bodega,PED-457: En Preparación -> En Bodega
2,PED-458,En Preparación,En Bodega,PED-458: En Preparación -> En Bodega
2,PED-459,En Preparación,En Bodega,PED-459: En Preparación -> En Bodega
2,PED-460,En Preparación,En Bodega,PED-460: En Preparación -> En Bodega
2,PED-461,En Preparación,En Bodega,PED-461: En Preparación -> En Bodega
2,PED-462,En Preparación,En Bodega,PED-462: En Preparación -> En Bodega
2,PED-463,En Preparación,En Bodega,PED-463: En Preparación -> En Bodega
2,PED-464,En Preparación,En Bodega,PED-464: En Preparación -> En Bodega
2,PED-465,En Preparación,En Bodega,PED-465: En Preparación -> En Bodega
2,PED-467,En Preparación,En Bodega,PED-467: En Preparación -> En Bodega
2,PED-468,En Preparación,En Bodega,PED-468: En Preparación -> En Bodega
2,PED-470,En Preparación,En Bodega,PED-470: En Preparación -> En Bodega
2,PED-471,En Preparación,En Bodega,PED-471: En Preparación -> En Bodega
2,PED-472,En Preparación,En Bodega,PED-472: En Preparación -> En Bodega
2,PED-473,En Preparación,En Bodega,PED-473: En Preparación -> En Bodega
2,PED-474,En Preparación,En Bodega,PED-474: En Preparación -> En Bodega
2,PED-475,En Preparación,En Preparación,PED-475: En Preparación -> En Preparación
2,PED-476,En Preparación,En Bodega,PED-476: En Preparación -> En Bodega
2,PED-477,En Preparación,En Bodega,PED-477: En Preparación -> En Bodega
2,PED-479,En Preparación,En Bodega,PED-479: En Preparación -> En Bodega
2,PED-481,En Preparación,En Bodega,PED-481: En Preparación -> En Bodega
2,PED-482,En Preparación,En Bodega,PED-482: En Preparación -> En Bodega
2,PED-485,En Preparación,En Bodega,PED-485: En Preparación -> En Bodega
2,PED-486,En Preparación,En Bodega,PED-486: En Preparación -> En Bodega
2,PED-487,En Preparación,En Bodega,PED-487: En Preparación -> En Bodega
2,PED-488,En Preparación,En Bodega,PED-488: En Preparación -> En Bodega
2,PED-489,En Preparación,En Bodega,PED-489: En Preparación -> En Bodega
2,PED-490,En Preparación,En Bodega,PED-490: En Preparación -> En Bodega
2,PED-491,En Preparación,En Bodega,PED-491: En Preparación -> En Bodega
2,PED-492,En Preparación,En Bodega,PED-492: En Preparación -> En Bodega
2,PED-493,En Preparación,En Bodega,PED-493: En Preparación -> En Bodega
2,PED-494,En Preparación,En Bodega,PED-494: En Preparación -> En Bodega
2,PED-495,En Preparación,En Bodega,PED-495: En Preparación -> En Bodega
2,PED-496,En Preparación,En Bodega,PED-496: En Preparación -> En Bodega
2,PED-497,En Preparación,En Bodega,PED-497: En Preparación -> En Bodega
2,PED-498,En Preparación,En Bodega,PED-498: En Preparación -> En Bodega
2,PED-499,En Preparación,En Bodega,PED-499: En Preparación -> En Bodega
2,PED-500,En Preparación,En Bodega,PED-500: En Preparación -> En Bodega
2,PED-501,En Preparación,En Preparación,PED-501: En Preparación -> En Preparación
2,PED-502,En Preparación,En Bodega,PED-502: En Preparación -> En Bodega
2,PED-503,En Preparación,En Bodega,PED-503: En Preparación -> En Bodega
2,PED-504,En Preparación,En Bodega,PED-504: En Preparación -> En Bodega
2,PED-505,En Preparación,En Bodega,PED-505: En Preparación -> En Bodega
2,PED-506,En Preparación,En Bodega,PED-506: En Preparación -> En Bodega
2,PED-507,En Preparación,En Bodega,PED-507: En Preparación -> En Bodega
2,PED-508,En Preparación,En Preparación,PED-508: En Preparación -> En Preparación
2,PED-509,En Preparación,En Bodega,PED-509: En Preparación -> En Bodega
2,PED-510,En Preparación,En Bodega,PED-510: En Preparación -> En Bodega
2,PED-511,En Preparación,En Bodega,PED-511: En Preparación -> En Bodega
2,PED-512,En Preparación,En Bodega,PED-512: En Preparación -> En Bodega
2,PED-513,En Preparación,En Bodega,PED-513: En Preparación -> En Bodega
2,PED-514,En Preparación,En Bodega,PED-514: En Preparación -> En Bodega
2,PED-515,En Preparación,En Bodega,PED-515: En Preparación -> En Bodega
2,PED-516,En Preparación,En Bodega,PED-516: En Preparación -> En Bodega
2,PED-517,En Preparación,En Preparación,PED-517: En Preparación -> En Preparación
2,PED-518,En Preparación,En Preparación,PED-518: En Preparación -> En Preparación
2,PED-519,En Preparación,En Bodega,PED-519: En Preparación -> En Bodega
2,PED-520,En Preparación,En Bodega,PED-520: En Preparación -> En Bodega
2,PED-521,En Preparación,En Bodega,PED-521: En Preparación -> En Bodega
2,PED-522,En Preparación,En Bodega,PED-522: En Preparación -> En Bodega
2,PED-523,En Preparación,En Bodega,PED-523: En Preparación -> En Bodega
2,PED-524,En Preparación,En Bodega,PED-524: En Preparación -> En Bodega
2,PED-525,En Preparación,En Bodega,PED-525: En Preparación -> En Bodega
2,PED-526,En Preparación,En Bodega,PED-526: En Preparación -> En Bodega
2,PED-527,En Preparación,En Bodega,PED-527: En Preparación -> En Bodega
2,PED-528,En Preparación,En Bodega,PED-528: En Preparación -> En Bodega
2,PED-529,En Preparación,En Bodega,PED-529: En Preparación -> En Bodega
2,PED-531,En Preparación,En Bodega,PED-531: En Preparación -> En Bodega
2,PED-532,En Preparación,En Bodega,PED-532: En Preparación -> En Bodega
2,PED-533,En Preparación,En Bodega,PED-533: En Preparación -> En Bodega
2,PED-534,En Preparación,En Bodega,PED-534: En Preparación -> En Bodega
2,PED-535,En Preparación,En Bodega,PED-535: En Preparación -> En Bodega
2,PED-536,En Preparación,En Bodega,PED-536: En Preparación -> En Bodega
2,PED-537,En Preparación,En Bodega,PED-537: En Preparación -> En Bodega
2,PED-538,En Preparación,En Bodega,PED-538: En Preparación -> En Bodega
2,PED-539,En Preparación,En Bodega,PED-539: En Preparación -> En Bodega
2,PED-540,En Preparación,En Bodega,PED-540: En Preparación -> En Bodega
2,PED-541,En Preparación,En Bodega,PED-541: En Preparación -> En Bodega
2,PED-542,En Preparación,En Bodega,PED-542: En Preparación -> En Bodega
2,PED-543,En Preparación,En Preparación,PED-543: En Preparación -> En Preparación
2,PED-544,En Preparación,En Bodega,PED-544: En Preparación -> En Bodega
2,PED-545,En Preparación,En Bodega,PED-545: En Preparación -> En Bodega
2,PED-546,En Preparación,En Bodega,PED-546: En Preparación -> En Bodega
2,PED-547,En Preparación,En Preparación,PED-547: En Preparación -> En Preparación
2,PED-548,En Preparación,En Bodega,PED-548: En Preparación -> En Bodega
2,PED-549,En Preparación,En Bodega,PED-549: En Preparación -> En Bodega
2,PED-550,En Preparación,En Bodega,PED-550: En Preparación -> En Bodega
2,PED-551,En Preparación,En Bodega,PED-551: En Preparación -> En Bodega
2,PED-553,En Preparación,En Bodega,PED-553: En Preparación -> En Bodega
2,PED-554,En Preparación,En Bodega,PED-554: En Preparación -> En Bodega
2,PED-555,En Preparación,En Bodega,PED-555: En Preparación -> En Bodega
2,PED-557,En Preparación,En Preparación,PED-557: En Preparación -> En Preparación
2,PED-559,En Preparación,En Bodega,PED-559: En Preparación -> En Bodega
2,PED-560,En Preparación,En Bodega,PED-560: En Preparación -> En Bodega
2,PED-562,En Preparación,En Bodega,PED-562: En Preparación -> En Bodega
2,PED-563,En Preparación,En Bodega,PED-563: En Preparación -> En Bodega
2,PED-564,En Preparación,En Preparación,PED-564: En Preparación -> En Preparación
2,PED-565,En Preparación,En Bodega,PED-565: En Preparación -> En Bodega
2,PED-566,En Preparación,En Bodega,PED-566: En Preparación -> En Bodega
2,PED-567,En Preparación,En Bodega,PED-567: En Preparación -> En Bodega
2,PED-568,En Preparación,En Bodega,PED-568: En Preparación -> En Bodega
2,PED-570,En Preparación,En Bodega,PED-570: En Preparación -> En Bodega
2,PED-571,En Preparación,En Bodega,PED-571: En Preparación -> En Bodega
2,PED-572,En Preparación,En Bodega,PED-572: En Preparación -> En Bodega
2,PED-573,En Preparación,En Bodega,PED-573: En Preparación -> En Bodega
2,PED-576,En Preparación,En Bodega,PED-576: En Preparación -> En Bodega
2,PED-577,En Preparación,En Bodega,PED-577: En Preparación -> En Bodega
2,PED-578,En Preparación,En Bodega,PED-578: En Preparación -> En Bodega
2,PED-579,En Preparación,En Bodega,PED-579: En Preparación -> En Bodega
2,PED-580,En Preparación,En Bodega,PED-580: En Preparación -> En Bodega
2,PED-581,En Preparación,En Bodega,PED-581: En Preparación -> En Bodega
2,PED-582,En Preparación,En Bodega,PED-582: En Preparación -> En Bodega
2,PED-583,En Preparación,En Preparación,PED-583: En Preparación -> En Preparación
2,PED-584,En Preparación,En Bodega,PED-584: En Preparación -> En Bodega
2,PED-585,En Preparación,En Bodega,PED-585: En Preparación -> En Bodega
2,PED-586,En Preparación,En Bodega,PED-586: En Preparación -> En Bodega
2,PED-587,En Preparación,En Bodega,PED-587: En Preparación -> En Bodega
2,PED-588,En Preparación,En Bodega,PED-588: En Preparación -> En Bodega
2,PED-589,En Preparación,En Bodega,PED-589: En Preparación -> En Bodega
2,PED-590,En Preparación,En Bodega,PED-590: En Preparación -> En Bodega
2,PED-591,En Preparación,En Bodega,PED-591: En Preparación -> En Bodega
2,PED-592,En Preparación,En Bodega,PED-592: En Preparación -> En Bodega
2,PED-593,En Preparación,En Bodega,PED-593: En Preparación -> En Bodega
2,PED-594,En Preparación,En Bodega,PED-594: En Preparación -> En Bodega
2,PED-595,En Preparación,En Preparación,PED-595: En Preparación -> En Preparación
2,PED-596,En Preparación,En Bodega,PED-596: En Preparación -> En Bodega
2,PED-597,En Preparación,En Bodega,PED-597: En Preparación -> En Bodega
2,PED-599,En Preparación,En Preparación,PED-599: En Preparación -> En Preparación
2,PED-600,En Preparación,En Bodega,PED-600: En Preparación -> En Bodega
2,PED-601,En Preparación,En Bodega,PED-601: En Preparación -> En Bodega
2,PED-602,En Preparación,En Bodega,PED-602: En Preparación -> En Bodega
2,PED-603,En Preparación,En Bodega,PED-603: En Preparación -> En Bodega
2,PED-604,En Preparación,En Bodega,PED-604: En Preparación -> En Bodega
2,PED-605,En Preparación,En Bodega,PED-605: En Preparación -> En Bodega
2,PED-606,En Preparación,En Bodega,PED-606: En Preparación -> En Bodega
2,PED-607,En Preparación,En Bodega,PED-607: En Preparación -> En Bodega
2,PED-608,En Preparación,En Bodega,PED-608: En Preparación -> En Bodega
2,PED-609,En Preparación,En Bodega,PED-609: En Preparación -> En Bodega
2,PED-610,En Preparación,En Preparación,PED-610: En Preparación -> En Preparación
2,PED-611,En Preparación,En Bodega,PED-611: En Preparación -> En Bodega
2,PED-612,En Preparación,En Bodega,PED-612: En Preparación -> En Bodega
2,PED-614,En Preparación,En Bodega,PED-614: En Preparación -> En Bodega
2,PED-615,En Preparación,En Bodega,PED-615: En Preparación -> En Bodega
2,PED-616,En Preparación,En Preparación,PED-616: En Preparación -> En Preparación
2,PED-617,En Preparación,En Bodega,PED-617: En Preparación -> En Bodega
2,PED-618,En Preparación,En Bodega,PED-618: En Preparación -> En Bodega
2,PED-619,En Preparación,En Bodega,PED-619: En Preparación -> En Bodega
2,PED-620,En Preparación,En Bodega,PED-620: En Preparación -> En Bodega
2,PED-621,En Preparación,En Bodega,PED-621: En Preparación -> En Bodega
2,PED-622,En Preparación,En Bodega,PED-622: En Preparación -> En Bodega
2,PED-624,En Preparación,En Bodega,PED-624: En Preparación -> En Bodega
2,PED-626,En Preparación,En Bodega,PED-626: En Preparación -> En Bodega
2,PED-627,En Preparación,En Bodega,PED-627: En Preparación -> En Bodega
2,PED-629,En Preparación,En Bodega,PED-629: En Preparación -> En Bodega
2,PED-630,En Preparación,En Bodega,PED-630: En Preparación -> En Bodega
2,PED-631,En Preparación,En Bodega,PED-631: En Preparación -> En Bodega
2,PED-632,En Preparación,En Bodega,PED-632: En Preparación -> En Bodega
2,PED-633,En Preparación,En Bodega,PED-633: En Preparación -> En Bodega
2,PED-634,En Preparación,En Bodega,PED-634: En Preparación -> En Bodega
2,PED-635,En Preparación,En Bodega,PED-635: En Preparación -> En Bodega
2,PED-636,En Preparación,En Preparación,PED-636: En Preparación -> En Preparación
2,PED-637,En Preparación,En Bodega,PED-637: En Preparación -> En Bodega
2,PED-638,En Preparación,En Bodega,PED-638: En Preparación -> En Bodega
2,PED-639,En Preparación,En Bodega,PED-639: En Preparación -> En Bodega
2,PED-640,En Preparación,En Bodega,PED-640: En Preparación -> En Bodega
2,PED-641,En Preparación,En Bodega,PED-641: En Preparación -> En Bodega
2,PED-642,En Preparación,En Bodega,PED-642: En Preparación -> En Bodega
2,PED-643,En Preparación,En Bodega,PED-643: En Preparación -> En Bodega
2,PED-644,En Preparación,En Bodega,PED-644: En Preparación -> En Bodega
2,PED-645,En Preparación,En Bodega,PED-645: En Preparación -> En Bodega
2,PED-646,En Preparación,En Bodega,PED-646: En Preparación -> En Bodega
2,PED-647,En Preparación,En Bodega,PED-647: En Preparación -> En Bodega
2,PED-648,En Preparación,En Bodega,PED-648: En Preparación -> En Bodega
2,PED-649,En Preparación,En Bodega,PED-649: En Preparación -> En Bodega
2,PED-650,En Preparación,En Bodega,PED-650: En Preparación -> En Bodega
2,PED-651,En Preparación,En Bodega,PED-651: En Preparación -> En Bodega
2,PED-652,En Preparación,En Bodega,PED-652: En Preparación -> En Bodega
2,PED-653,En Preparación,En Bodega,PED-653: En Preparación -> En Bodega
2,PED-654,En Preparación,En Bodega,PED-654: En Preparación -> En Bodega
2,PED-655,En Preparación,En Bodega,PED-655: En Preparación -> En Bodega
2,PED-656,En Preparación,En Bodega,PED-656: En Preparación -> En Bodega
2,PED-657,En Preparación,En Preparación,PED-657: En Preparación -> En Preparación
2,PED-658,En Preparación,En Bodega,PED-658: En Preparación -> En Bodega
2,PED-659,En Preparación,En Bodega,PED-659: En Preparación -> En Bodega
2,PED-660,En Preparación,En Bodega,PED-660: En Preparación -> En Bodega
2,PED-661,En Preparación,En Bodega,PED-661: En Preparación -> En Bodega
2,PED-662,En Preparación,En Bodega,PED-662: En Preparación -> En Bodega
2,PED-663,En Preparación,En Preparación,PED-663: En Preparación -> En Preparación
2,PED-664,En Preparación,En Bodega,PED-664: En Preparación -> En Bodega
2,PED-665,En Preparación,En Bodega,PED-665: En Preparación -> En Bodega
2,PED-666,En Preparación,En Bodega,PED-666: En Preparación -> En Bodega
2,PED-667,En Preparación,En Bodega,PED-667: En Preparación -> En Bodega
2,PED-668,En Preparación,En Bodega,PED-668: En Preparación -> En Bodega
2,PED-670,En Preparación,En Bodega,PED-670: En Preparación -> En Bodega
2,PED-671,En Preparación,En Preparación,PED-671: En Preparación -> En Preparación
2,PED-672,En Preparación,En Bodega,PED-672: En Preparación -> En Bodega
2,PED-673,En Preparación,En Preparación,PED-673: En Preparación -> En Preparación
2,PED-674,En Preparación,En Bodega,PED-674: En Preparación -> En Bodega
2,PED-676,En Preparación,En Bodega,PED-676: En Preparación -> En Bodega
2,PED-677,En Preparación,En Bodega,PED-677: En Preparación -> En Bodega
2,PED-678,En Preparación,En Bodega,PED-678: En Preparación -> En Bodega
2,PED-679,En Preparación,En Bodega,PED-679: En Preparación -> En Bodega
2,PED-680,En Preparación,En Bodega,PED-680: En Preparación -> En Bodega
2,PED-681,En Preparación,En Bodega,PED-681: En Preparación -> En Bodega
2,PED-682,En Preparación,En Bodega,PED-682: En Preparación -> En Bodega
2,PED-683,En Preparación,En Bodega,PED-683: En Preparación -> En Bodega
2,PED-685,En Preparación,En Bodega,PED-685: En Preparación -> En Bodega
2,PED-686,En Preparación,En Bodega,PED-686: En Preparación -> En Bodega
2,PED-687,En Preparación,En Bodega,PED-687: En Preparación -> En Bodega
2,PED-688,En Preparación,En Bodega,PED-688: En Preparación -> En Bodega
2,PED-689,En Preparación,En Bodega,PED-689: En Preparación -> En Bodega
2,PED-690,En Preparación,En Bodega,PED-690: En Preparación -> En Bodega
2,PED-691,En Preparación,En Bodega,PED-691: En Preparación -> En Bodega
2,PED-692,En Preparación,En Bodega,PED-692: En Preparación -> En Bodega
2,PED-693,En Preparación,En Bodega,PED-693: En Preparación -> En Bodega
2,PED-694,En Preparación,En Bodega,PED-694: En Preparación -> En Bodega
2,PED-695,En Preparación,En Bodega,PED-695: En Preparación -> En Bodega
2,PED-696,En Preparación,En Bodega,PED-696: En Preparación -> En Bodega
2,PED-697,En Preparación,En Bodega,PED-697: En Preparación -> En Bodega
2,PED-698,En Preparación,En Bodega,PED-698: En Preparación -> En Bodega
2,PED-699,En Preparación,En Bodega,PED-699: En Preparación -> En Bodega
2,PED-700,En Preparación,En Bodega,PED-700: En Preparación -> En Bodega
2,PED-701,En Preparación,En Bodega,PED-701: En Preparación -> En Bodega
2,PED-702,En Preparación,En Bodega,PED-702: En Preparación -> En Bodega
2,PED-703,En Preparación,En Bodega,PED-703: En Preparación -> En Bodega
2,PED-705,En Preparación,En Bodega,PED-705: En Preparación -> En Bodega
2,PED-706,En Preparación,En Bodega,PED-706: En Preparación -> En Bodega
2,PED-707,En Preparación,En Bodega,PED-707: En Preparación -> En Bodega
2,PED-708,En Preparación,En Bodega,PED-708: En Preparación -> En Bodega
2,PED-709,En Preparación,En Bodega,PED-709: En Preparación -> En Bodega
2,PED-710,En Preparación,En Bodega,PED-710: En Preparación -> En Bodega
2,PED-711,En Preparación,En Bodega,PED-711: En Preparación -> En Bodega
2,PED-712,En Preparación,En Bodega,PED-712: En Preparación -> En Bodega
2,PED-713,En Preparación,En Bodega,PED-713: En Preparación -> En Bodega
2,PED-714,En Preparación,En Bodega,PED-714: En Preparación -> En Bodega
2,PED-715,En Preparación,En Bodega,PED-715: En Preparación -> En Bodega
2,PED-716,En Preparación,En Bodega,PED-716: En Preparación -> En Bodega
2,PED-717,En Preparación,En Bodega,PED-717: En Preparación -> En Bodega
2,PED-718,En Preparación,En Bodega,PED-718: En Preparación -> En Bodega
2,PED-719,En Preparación,En Bodega,PED-719: En Preparación -> En Bodega
2,PED-720,En Preparación,En Bodega,PED-720: En Preparación -> En Bodega
2,PED-721,En Preparación,En Bodega,PED-721: En Preparación -> En Bodega
2,PED-722,En Preparación,En Bodega,PED-722: En Preparación -> En Bodega
2,PED-723,En Preparación,En Bodega,PED-723: En Preparación -> En Bodega
2,PED-724,En Preparación,En Bodega,PED-724: En Preparación -> En Bodega
2,PED-725,En Preparación,En Bodega,PED-725: En Preparación -> En Bodega
2,PED-726,En Preparación,En Bodega,PED-726: En Preparación -> En Bodega
2,PED-727,En Preparación,En Bodega,PED-727: En Preparación -> En Bodega
2,PED-728,En Preparación,En Bodega,PED-728: En Preparación -> En Bodega
2,PED-729,En Preparación,En Bodega,PED-729: En Preparación -> En Bodega
2,PED-730,En Preparación,En Bodega,PED-730: En Preparación -> En Bodega
2,PED-731,En Preparación,En Bodega,PED-731: En Preparación -> En Bodega
2,PED-732,En Preparación,En Bodega,PED-732: En Preparación -> En Bodega
2,PED-733,En Preparación,En Bodega,PED-733: En Preparación -> En Bodega
2,PED-734,En Preparación,En Bodega,PED-734: En Preparación -> En Bodega
2,PED-735,En Preparación,En Bodega,PED-735: En Preparación -> En Bodega
2,PED-736,En Preparación,En Bodega,PED-736: En Preparación -> En Bodega
2,PED-738,En Preparación,En Preparación,PED-738: En Preparación -> En Preparación
2,PED-739,En Preparación,En Bodega,PED-739: En Preparación -> En Bodega
2,PED-741,En Preparación,En Bodega,PED-741: En Preparación -> En Bodega
2,PED-742,En Preparación,En Preparación,PED-742: En Preparación -> En Preparación
2,PED-743,En Preparación,En Bodega,PED-743: En Preparación -> En Bodega
2,PED-744,En Preparación,En Bodega,PED-744: En Preparación -> En Bodega
2,PED-745,En Preparación,En Bodega,PED-745: En Preparación -> En Bodega
2,PED-746,En Preparación,En Bodega,PED-746: En Preparación -> En Bodega
2,PED-748,En Preparación,En Bodega,PED-748: En Preparación -> En Bodega
2,PED-749,En Preparación,En Preparación,PED-749: En Preparación -> En Preparación
2,PED-750,En Preparación,En Preparación,PED-750: En Preparación -> En Preparación
2,PED-751,En Preparación,En Bodega,PED-751: En Preparación -> En Bodega
2,PED-752,En Preparación,En Bodega,PED-752: En Preparación -> En Bodega
2,PED-753,En Preparación,En Bodega,PED-753: En Preparación -> En Bodega
2,PED-754,En Preparación,En Bodega,PED-754: En Preparación -> En Bodega
2,PED-755,En Preparación,En Bodega,PED-755: En Preparación -> En Bodega
2,PED-756,En Preparación,En Bodega,PED-756: En Preparación -> En Bodega
2,PED-757,En Preparación,En Bodega,PED-757: En Preparación -> En Bodega
2,PED-758,En Preparación,En Bodega,PED-758: En Preparación -> En Bodega
2,PED-759,En Preparación,En Bodega,PED-759: En Preparación -> En Bodega
2,PED-760,En Preparación,En Bodega,PED-760: En Preparación -> En Bodega
2,PED-761,En Preparación,En Bodega,PED-761: En Preparación -> En Bodega
2,PED-762,En Preparación,En Preparación,PED-762: En Preparación -> En Preparación
2,PED-763,En Preparación,En Bodega,PED-763: En Preparación -> En Bodega
2,PED-764,En Preparación,En Bodega,PED-764: En Preparación -> En Bodega
2,PED-765,En Preparación,En Preparación,PED-765: En Preparación -> En Preparación
2,PED-767,En Preparación,En Bodega,PED-767: En Preparación -> En Bodega
2,PED-768,En Preparación,En Bodega,PED-768: En Preparación -> En Bodega
2,PED-769,En Preparación,En Bodega,PED-769: En Preparación -> En Bodega
2,PED-771,En Preparación,En Bodega,PED-771: En Preparación -> En Bodega
2,PED-772,En Preparación,En Bodega,PED-772: En Preparación -> En Bodega
2,PED-773,En Preparación,En Bodega,PED-773: En Preparación -> En Bodega
2,PED-774,En Preparación,En Preparación,PED-774: En Preparación -> En Preparación
2,PED-777,En Preparación,En Bodega,PED-777: En Preparación -> En Bodega
2,PED-778,En Preparación,En Bodega,PED-778: En Preparación -> En Bodega
2,PED-779,En Preparación,En Bodega,PED-779: En Preparación -> En Bodega
2,PED-780,En Preparación,En Bodega,PED-780: En Preparación -> En Bodega
2,PED-781,En Preparación,En Bodega,PED-781: En Preparación -> En Bodega
2,PED-782,En Preparación,En Bodega,PED-782: En Preparación -> En Bodega
2,PED-783,En Preparación,En Bodega,PED-783: En Preparación -> En Bodega
2,PED-784,En Preparación,En Bodega,PED-784: En Preparación -> En Bodega
2,PED-785,En Preparación,En Bodega,PED-785: En Preparación -> En Bodega
2,PED-788,En Preparación,En Bodega,PED-788: En Preparación -> En Bodega
2,PED-789,En Preparación,En Bodega,PED-789: En Preparación -> En Bodega
2,PED-790,En Preparación,En Bodega,PED-790: En Preparación -> En Bodega
2,PED-791,En Preparación,En Preparación,PED-791: En Preparación -> En Preparación
2,PED-792,En Preparación,En Bodega,PED-792: En Preparación -> En Bodega
2,PED-793,En Preparación,En Bodega,PED-793: En Preparación -> En Bodega
2,PED-794,En Preparación,En Bodega,PED-794: En Preparación -> En Bodega
2,PED-795,En Preparación,En Bodega,PED-795: En Preparación -> En Bodega
2,PED-797,En Preparación,En Bodega,PED-797: En Preparación -> En Bodega
2,PED-798,En Preparación,En Bodega,PED-798: En Preparación -> En Bodega
2,PED-799,En Preparación,En Bodega,PED-799: En Preparación -> En Bodega
2,PED-800,En Preparación,En Bodega,PED-800: En Preparación -> En Bodega
2,PED-802,En Preparación,En Bodega,PED-802: En Preparación -> En Bodega
2,PED-803,En Preparación,En Bodega,PED-803: En Preparación -> En Bodega
2,PED-804,En Preparación,En Preparación,PED-804: En Preparación -> En Preparación
2,PED-805,En Preparación,En Bodega,PED-805: En Preparación -> En Bodega
2,PED-807,En Preparación,En Bodega,PED-807: En Preparación -> En Bodega
2,PED-808,En Preparación,En Bodega,PED-808: En Preparación -> En Bodega
2,PED-809,En Preparación,En Bodega,PED-809: En Preparación -> En Bodega
2,PED-810,En Preparación,En Bodega,PED-810: En Preparación -> En Bodega
2,PED-811,En Preparación,En Bodega,PED-811: En Preparación -> En Bodega
2,PED-812,En Preparación,En Bodega,PED-812: En Preparación -> En Bodega
2,PED-813,En Preparación,En Bodega,PED-813: En Preparación -> En Bodega
2,PED-814,En Preparación,En Bodega,PED-814: En Preparación -> En Bodega
2,PED-816,En Preparación,En Bodega,PED-816: En Preparación -> En Bodega
2,PED-817,En Preparación,En Bodega,PED-817: En Preparación -> En Bodega
2,PED-818,En Preparación,En Bodega,PED-818: En Preparación -> En Bodega
2,PED-819,En Preparación,En Bodega,PED-819: En Preparación -> En Bodega
2,PED-820,En Preparación,En Bodega,PED-820: En Preparación -> En Bodega
2,PED-821,En Preparación,En Bodega,PED-821: En Preparación -> En Bodega
2,PED-824,En Preparación,En Bodega,PED-824: En Preparación -> En Bodega
2,PED-825,En Preparación,En Preparación,PED-825: En Preparación -> En Preparación
2,PED-826,En Preparación,En Bodega,PED-826: En Preparación -> En Bodega
2,PED-827,En Preparación,En Bodega,PED-827: En Preparación -> En Bodega
2,PED-829,En Preparación,En Bodega,PED-829: En Preparación -> En Bodega
2,PED-830,En Preparación,En Bodega,PED-830: En Preparación -> En Bodega
2,PED-833,En Preparación,En Bodega,PED-833: En Preparación -> En Bodega
2,PED-834,En Preparación,En Bodega,PED-834: En Preparación -> En Bodega
2,PED-835,En Preparación,En Bodega,PED-835: En Preparación -> En Bodega
2,PED-836,En Preparación,En Bodega,PED-836: En Preparación -> En Bodega
2,PED-837,En Preparación,En Bodega,PED-837: En Preparación -> En Bodega
2,PED-838,En Preparación,En Bodega,PED-838: En Preparación -> En Bodega
2,PED-839,En Preparación,En Bodega,PED-839: En Preparación -> En Bodega
2,PED-840,En Preparación,En Bodega,PED-840: En Preparación -> En Bodega
2,PED-841,En Preparación,En Bodega,PED-841: En Preparación -> En Bodega
2,PED-842,En Preparación,En Bodega,PED-842: En Preparación -> En Bodega
2,PED-843,En Preparación,En Bodega,PED-843: En Preparación -> En Bodega
2,PED-844,En Preparación,En Bodega,PED-844: En Preparación -> En Bodega
2,PED-845,En Preparación,En Bodega,PED-845: En Preparación -> En Bodega
2,PED-846,En Preparación,En Bodega,PED-846: En Preparación -> En Bodega
2,PED-847,En Preparación,En Preparación,PED-847: En Preparación -> En Preparación
2,PED-848,En Preparación,En Bodega,PED-848: En Preparación -> En Bodega
2,PED-849,En Preparación,En Bodega,PED-849: En Preparación -> En Bodega
2,PED-850,En Preparación,En Preparación,PED-850: En Preparación -> En Preparación
2,PED-851,En Preparación,En Bodega,PED-851: En Preparación -> En Bodega
2,PED-854,En Preparación,En Bodega,PED-854: En Preparación -> En Bodega
2,PED-855,En Preparación,En Bodega,PED-855: En Preparación -> En Bodega
2,PED-856,En Preparación,En Bodega,PED-856: En Preparación -> En Bodega
2,PED-857,En Preparación,En Bodega,PED-857: En Preparación -> En Bodega
2,PED-858,En Preparación,En Bodega,PED-858: En Preparación -> En Bodega
2,PED-860,En Preparación,En Bodega,PED-860: En Preparación -> En Bodega
2,PED-861,En Preparación,En Bodega,PED-861: En Preparación -> En Bodega
2,PED-862,En Preparación,En Bodega,PED-862: En Preparación -> En Bodega
2,PED-863,En Preparación,En Bodega,PED-863: En Preparación -> En Bodega
2,PED-864,En Preparación,En Bodega,PED-864: En Preparación -> En Bodega
2,PED-866,En Preparación,En Bodega,PED-866: En Preparación -> En Bodega
2,PED-867,En Preparación,En Preparación,PED-867: En Preparación -> En Preparación
2,PED-868,En Preparación,En Bodega,PED-868: En Preparación -> En Bodega
2,PED-869,En Preparación,En Bodega,PED-869: En Preparación -> En Bodega
2,PED-870,En Preparación,En Bodega,PED-870: En Preparación -> En Bodega
2,PED-872,En Preparación,En Bodega,PED-872: En Preparación -> En Bodega
2,PED-873,En Preparación,En Bodega,PED-873: En Preparación -> En Bodega
2,PED-874,En Preparación,En Bodega,PED-874: En Preparación -> En Bodega
2,PED-875,En Preparación,En Bodega,PED-875: En Preparación -> En Bodega
2,PED-876,En Preparación,En Bodega,PED-876: En Preparación -> En Bodega
2,PED-878,En Preparación,En Bodega,PED-878: En Preparación -> En Bodega
2,PED-879,En Preparación,En Bodega,PED-879: En Preparación -> En Bodega
2,PED-880,En Preparación,En Bodega,PED-880: En Preparación -> En Bodega
2,PED-881,En Preparación,En Bodega,PED-881: En Preparación -> En Bodega
2,PED-882,En Preparación,En Bodega,PED-882: En Preparación -> En Bodega
2,PED-883,En Preparación,En Bodega,PED-883: En Preparación -> En Bodega
2,PED-884,En Preparación,En Bodega,PED-884: En Preparación -> En Bodega
2,PED-885,En Preparación,En Bodega,PED-885: En Preparación -> En Bodega
2,PED-886,En Preparación,En Bodega,PED-886: En Preparación -> En Bodega
2,PED-887,En Preparación,En Bodega,PED-887: En Preparación -> En Bodega
2,PED-888,En Preparación,En Bodega,PED-888: En Preparación -> En Bodega
2,PED-889,En Preparación,En Bodega,PED-889: En Preparación -> En Bodega
2,PED-890,En Preparación,En Bodega,PED-890: En Preparación -> En Bodega
2,PED-891,En Preparación,En Bodega,PED-891: En Preparación -> En Bodega
2,PED-892,En Preparación,En Bodega,PED-892: En Preparación -> En Bodega
2,PED-893,En Preparación,En Bodega,PED-893: En Preparación -> En Bodega
2,PED-894,En Preparación,En Bodega,PED-894: En Preparación -> En Bodega
2,PED-895,En Preparación,En Bodega,PED-895: En Preparación -> En Bodega
2,PED-896,En Preparación,En Bodega,PED-896: En Preparación -> En Bodega
2,PED-897,En Preparación,En Bodega,PED-897: En Preparación -> En Bodega
2,PED-898,En Preparación,En Bodega,PED-898: En Preparación -> En Bodega
2,PED-899,En Preparación,En Preparación,PED-899: En Preparación -> En Preparación
2,PED-900,En Preparación,En Bodega,PED-900: En Preparación -> En Bodega
2,PED-901,En Preparación,En Bodega,PED-901: En Preparación -> En Bodega
2,PED-902,En Preparación,En Bodega,PED-902: En Preparación -> En Bodega
2,PED-903,En Preparación,En Preparación,PED-903: En Preparación -> En Preparación
2,PED-904,En Preparación,En Bodega,PED-904: En Preparación -> En Bodega
2,PED-906,En Preparación,En Preparación,PED-906: En Preparación -> En Preparación
2,PED-907,En Preparación,En Bodega,PED-907: En Preparación -> En Bodega
2,PED-908,En Preparación,En Preparación,PED-908: En Preparación -> En Preparación
2,PED-909,En Preparación,En Preparación,PED-909: En Preparación -> En Preparación
2,PED-911,En Preparación,En Bodega,PED-911: En Preparación -> En Bodega
2,PED-912,En Preparación,En Bodega,PED-912: En Preparación -> En Bodega
2,PED-913,En Preparación,En Bodega,PED-913: En Preparación -> En Bodega
2,PED-914,En Preparación,En Bodega,PED-914: En Preparación -> En Bodega
2,PED-915,En Preparación,En Bodega,PED-915: En Preparación -> En Bodega
2,PED-916,En Preparación,En Bodega,PED-916: En Preparación -> En Bodega
2,PED-917,En Preparación,En Bodega,PED-917: En Preparación -> En Bodega
2,PED-918,En Preparación,En Bodega,PED-918: En Preparación -> En Bodega
2,PED-919,En Preparación,En Bodega,PED-919: En Preparación -> En Bodega
2,PED-920,En Preparación,En Bodega,PED-920: En Preparación -> En Bodega
2,PED-921,En Preparación,En Bodega,PED-921: En Preparación -> En Bodega
2,PED-923,En Preparación,En Bodega,PED-923: En Preparación -> En Bodega
2,PED-924,En Preparación,En Preparación,PED-924: En Preparación -> En Preparación
2,PED-925,En Preparación,En Bodega,PED-925: En Preparación -> En Bodega
2,PED-926,En Preparación,En Bodega,PED-926: En Preparación -> En Bodega
2,PED-927,En Preparación,En Bodega,PED-927: En Preparación -> En Bodega
2,PED-928,En Preparación,En Bodega,PED-928: En Preparación -> En Bodega
2,PED-929,En Preparación,En Bodega,PED-929: En Preparación -> En Bodega
2,PED-930,En Preparación,En Bodega,PED-930: En Preparación -> En Bodega
2,PED-931,En Preparación,En Bodega,PED-931: En Preparación -> En Bodega
2,PED-932,En Preparación,En Bodega,PED-932: En Preparación -> En Bodega
2,PED-933,En Preparación,En Bodega,PED-933: En Preparación -> En Bodega
2,PED-934,En Preparación,En Bodega,PED-934: En Preparación -> En Bodega
2,PED-935,En Preparación,En Bodega,PED-935: En Preparación -> En Bodega
2,PED-936,En Preparación,En Bodega,PED-936: En Preparación -> En Bodega
2,PED-937,En Preparación,En Bodega,PED-937: En Preparación -> En Bodega
2,PED-939,En Preparación,En Bodega,PED-939: En Preparación -> En Bodega
2,PED-940,En Preparación,En Bodega,PED-940: En Preparación -> En Bodega
2,PED-941,En Preparación,En Preparación,PED-941: En Preparación -> En Preparación
2,PED-942,En Preparación,En Bodega,PED-942: En Preparación -> En Bodega
2,PED-943,En Preparación,En Bodega,PED-943: En Preparación -> En Bodega
2,PED-945,En Preparación,En Bodega,PED-945: En Preparación -> En Bodega
2,PED-946,En Preparación,En Bodega,PED-946: En Preparación -> En Bodega
2,PED-947,En Preparación,En Bodega,PED-947: En Preparación -> En Bodega
2,PED-948,En Preparación,En Bodega,PED-948: En Preparación -> En Bodega
2,PED-949,En Preparación,En Bodega,PED-949: En Preparación -> En Bodega
2,PED-950,En Preparación,En Bodega,PED-950: En Preparación -> En Bodega
2,PED-951,En Preparación,En Bodega,PED-951: En Preparación -> En Bodega
2,PED-952,En Preparación,En Bodega,PED-952: En Preparación -> En Bodega
2,PED-953,En Preparación,En Bodega,PED-953: En Preparación -> En Bodega
2,PED-954,En Preparación,En Bodega,PED-954: En Preparación -> En Bodega
2,PED-955,En Preparación,En Bodega,PED-955: En Preparación -> En Bodega
2,PED-956,En Preparación,En Bodega,PED-956: En Preparación -> En Bodega
2,PED-957,En Preparación,En Preparación,PED-957: En Preparación -> En Preparación
2,PED-958,En Preparación,En Bodega,PED-958: En Preparación -> En Bodega
2,PED-959,En Preparación,En Bodega,PED-959: En Preparación -> En Bodega
2,PED-960,En Preparación,En Bodega,PED-960: En Preparación -> En Bodega
2,PED-961,En Preparación,En Bodega,PED-961: En Preparación -> En Bodega
2,PED-962,En Preparación,En Bodega,PED-962: En Preparación -> En Bodega
2,PED-963,En Preparación,En Preparación,PED-963: En Preparación -> En Preparación
2,PED-964,En Preparación,En Bodega,PED-964: En Preparación -> En Bodega
2,PED-965,En Preparación,En Bodega,PED-965: En Preparación -> En Bodega
2,PED-966,En Preparación,En Bodega,PED-966: En Preparación -> En Bodega
2,PED-968,En Preparación,En Bodega,PED-968: En Preparación -> En Bodega
2,PED-970,En Preparación,En Bodega,PED-970: En Preparación -> En Bodega
2,PED-971,En Preparación,En Bodega,PED-971: En Preparación -> En Bodega
2,PED-972,En Preparación,En Bodega,PED-972: En Preparación -> En Bodega
2,PED-973,En Preparación,En Bodega,PED-973: En Preparación -> En Bodega
2,PED-974,En Preparación,En Bodega,PED-974: En Preparación -> En Bodega
2,PED-975,En Preparación,En Bodega,PED-975: En Preparación -> En Bodega
2,PED-976,En Preparación,En Bodega,PED-976: En Preparación -> En Bodega
2,PED-977,En Preparación,En Preparación,PED-977: En Preparación -> En Preparación
2,PED-978,En Preparación,En Bodega,PED-978: En Preparación -> En Bodega
2,PED-979,En Preparación,En Bodega,PED-979: En Preparación -> En Bodega
2,PED-980,En Preparación,En Bodega,PED-980: En Preparación -> En Bodega
2,PED-981,En Preparación,En Bodega,PED-981: En Preparación -> En Bodega
2,PED-982,En Preparación,En Bodega,PED-982: En Preparación -> En Bodega
2,PED-983,En Preparación,En Bodega,PED-983: En Preparación -> En Bodega
2,PED-984,En Preparación,En Bodega,PED-984: En Preparación -> En Bodega
2,PED-985,En Preparación,En Bodega,PED-985: En Preparación -> En Bodega
2,PED-986,En Preparación,En Bodega,PED-986: En Preparación -> En Bodega
2,PED-987,En Preparación,En Bodega,PED-987: En Preparación -> En Bodega
2,PED-989,En Preparación,En Bodega,PED-989: En Preparación -> En Bodega
2,PED-990,En Preparación,En Bodega,PED-990: En Preparación -> En Bodega
2,PED-991,En Preparación,En Bodega,PED-991: En Preparación -> En Bodega
2,PED-992,En Preparación,En Bodega,PED-992: En Preparación -> En Bodega
2,PED-993,En Preparación,En Bodega,PED-993: En Preparación -> En Bodega
2,PED-994,En Preparación,En Bodega,PED-994: En Preparación -> En Bodega
2,PED-995,En Preparación,En Bodega,PED-995: En Preparación -> En Bodega
2,PED-996,En Preparación,En Bodega,PED-996: En Preparación -> En Bodega
2,PED-997,En Preparación,En Bodega,PED-997: En Preparación -> En Bodega
2,PED-998,En Preparación,En Bodega,PED-998: En Preparación -> En Bodega
2,PED-999,En Preparación,En Bodega,PED-999: En Preparación -> En Bodega
2,PED-1000,En Preparación,En Bodega,PED-1000: En Preparación -> En Bodega
3,PED-002,En Bodega,En Reparto,PED-002: En Bodega -> En Reparto
3,PED-003,En Bodega,En Reparto,PED-003: En Bodega -> En Reparto
3,PED-005,En Bodega,En Reparto,PED-005: En Bodega -> En Reparto
3,PED-006,En Bodega,En Reparto,PED-006: En Bodega -> En Reparto
3,PED-007,En Preparación,En Bodega,PED-007: En Preparación -> En Bodega
3,PED-008,En Preparación,En Bodega,PED-008: En Preparación -> En Bodega
3,PED-009,En Bodega,En Bodega,PED-009: En Bodega -> En Bodega
3,PED-010,En Bodega,En Reparto,PED-010: En Bodega -> En Reparto
3,PED-012,En Preparación,En Bodega,PED-012: En Preparación -> En Bodega
3,PED-014,En Bodega,En Reparto,PED-014: En Bodega -> En Reparto
3,PED-015,En Bodega,En Reparto,PED-015: En Bodega -> En Reparto
3,PED-016,En Bodega,En Reparto,PED-016: En Bodega -> En Reparto
3,PED-017,En Bodega,En Reparto,PED-017: En Bodega -> En Reparto
3,PED-018,En Bodega,En Reparto,PED-018: En Bodega -> En Reparto
3,PED-019,En Bodega,En Reparto,PED-019: En Bodega -> En Reparto
3,PED-020,En Bodega,En Reparto,PED-020: En Bodega -> En Reparto
3,PED-021,En Bodega,En Reparto,PED-021: En Bodega -> En Reparto
3,PED-023,En Bodega,En Reparto,PED-023: En Bodega -> En Reparto
3,PED-026,En Bodega,En Reparto,PED-026: En Bodega -> En Reparto
3,PED-027,En Bodega,En Reparto,PED-027: En Bodega -> En Reparto
3,PED-028,En Bodega,En Reparto,PED-028: En Bodega -> En Reparto
3,PED-029,En Bodega,En Reparto,PED-029: En Bodega -> En Reparto
3,PED-030,En Bodega,En Reparto,PED-030: En Bodega -> En Reparto
3,PED-031,En Bodega,En Reparto,PED-031: En Bodega -> En Reparto
3,PED-032,En Bodega,En Reparto,PED-032: En Bodega -> En Reparto
3,PED-033,En Bodega,En Reparto,PED-033: En Bodega -> En Reparto
3,PED-034,En Bodega,En Reparto,PED-034: En Bodega -> En Reparto
3,PED-035,En Bodega,En Bodega,PED-035: En Bodega -> En Bodega
3,PED-036,En Bodega,En Reparto,PED-036: En Bodega -> En Reparto
3,PED-037,En Bodega,En Reparto,PED-037: En Bodega -> En Reparto
3,PED-038,En Preparación,En Bodega,PED-038: En Preparación -> En Bodega
3,PED-039,En Bodega,En Reparto,PED-039: En Bodega -> En Reparto
3,PED-040,En Bodega,En Reparto,PED-040: En Bodega -> En Reparto
3,PED-042,En Bodega,En Bodega,PED-042: En Bodega -> En Bodega
3,PED-043,En Bodega,En Reparto,PED-043: En Bodega -> En Reparto
3,PED-044,En Bodega,En Reparto,PED-044: En Bodega -> En Reparto
3,PED-045,En Bodega,En Reparto,PED-045: En Bodega -> En Reparto
3,PED-046,En Bodega,En Reparto,PED-046: En Bodega -> En Reparto
3,PED-047,En Bodega,En Bodega,PED-047: En Bodega -> En Bodega
3,PED-048,En Bodega,En Bodega,PED-048: En Bodega -> En Bodega
3,PED-049,En Bodega,En Reparto,PED-049: En Bodega -> En Reparto
3,PED-050,En Bodega,En Reparto,PED-050: En Bodega -> En Reparto
3,PED-051,En Bodega,En Reparto,PED-051: En Bodega -> En Reparto
3,PED-052,En Bodega,En Reparto,PED-052: En Bodega -> En Reparto
3,PED-053,En Bodega,En Reparto,PED-053: En Bodega -> En Reparto
3,PED-054,En Bodega,En Reparto,PED-054: En Bodega -> En Reparto
3,PED-056,En Bodega,En Reparto,PED-056: En Bodega -> En Reparto
3,PED-057,En Bodega,En Reparto,PED-057: En Bodega -> En Reparto
3,PED-058,En Bodega,En Reparto,PED-058: En Bodega -> En Reparto
3,PED-059,En Preparación,En Bodega,PED-059: En Preparación -> En Bodega
3,PED-060,En Bodega,En Reparto,PED-060: En Bodega -> En Reparto
3,PED-061,En Bodega,En Reparto,PED-061: En Bodega -> En Reparto
3,PED-062,En Bodega,En Reparto,PED-062: En Bodega -> En Reparto
3,PED-063,En Bodega,En Reparto,PED-063: En Bodega -> En Reparto
3,PED-064,En Bodega,En Reparto,PED-064: En Bodega -> En Reparto
3,PED-065,En Bodega,En Reparto,PED-065: En Bodega -> En Reparto
3,PED-066,En Bodega,En Reparto,PED-066: En Bodega -> En Reparto
3,PED-067,En Bodega,En Reparto,PED-067: En Bodega -> En Reparto
3,PED-068,En Bodega,En Reparto,PED-068: En Bodega -> En Reparto
3,PED-069,En Bodega,En Bodega,PED-069: En Bodega -> En Bodega
3,PED-070,En Preparación,En Bodega,PED-070: En Preparación -> En Bodega
3,PED-071,En Bodega,En Reparto,PED-071: En Bodega -> En Reparto
3,PED-072,En Bodega,En Reparto,PED-072: En Bodega -> En Reparto
3,PED-073,En Bodega,En Reparto,PED-073: En Bodega -> En Reparto
3,PED-075,En Bodega,En Reparto,PED-075: En Bodega -> En Reparto
3,PED-077,En Bodega,En Reparto,PED-077: En Bodega -> En Reparto
3,PED-078,En Bodega,En Reparto,PED-078: En Bodega -> En Reparto
3,PED-079,En Bodega,En Reparto,PED-079: En Bodega -> En Reparto
3,PED-080,En Bodega,En Reparto,PED-080: En Bodega -> En Reparto
3,PED-081,En Bodega,En Bodega,PED-081: En Bodega -> En Bodega
3,PED-082,En Preparación,En Bodega,PED-082: En Preparación -> En Bodega
3,PED-083,En Bodega,En Reparto,PED-083: En Bodega -> En Reparto
3,PED-084,En Bodega,En Reparto,PED-084: En Bodega -> En Reparto
3,PED-085,En Bodega,En Reparto,PED-085: En Bodega -> En Reparto
3,PED-086,En Bodega,En Reparto,PED-086: En Bodega -> En Reparto
3,PED-087,En Bodega,En Reparto,PED-087: En Bodega -> En Reparto
3,PED-088,En Bodega,En Reparto,PED-088: En Bodega -> En Reparto
3,PED-089,En Bodega,En Reparto,PED-089: En Bodega -> En Reparto
3,PED-090,En Bodega,En Reparto,PED-090: En Bodega -> En Reparto
3,PED-091,En Preparación,En Bodega,PED-091: En Preparación -> En Bodega
3,PED-092,En Preparación,En Bodega,PED-092: En Preparación -> En Bodega
3,PED-093,En Bodega,En Reparto,PED-093: En Bodega -> En Reparto
3,PED-094,En Bodega,En Reparto,PED-094: En Bodega -> En Reparto
3,PED-095,En Preparación,En Bodega,PED-095: En Preparación -> En Bodega
3,PED-096,En Bodega,En Reparto,PED-096: En Bodega -> En Reparto
3,PED-097,En Bodega,En Reparto,PED-097: En Bodega -> En Reparto
3,PED-098,En Bodega,En Reparto,PED-098: En Bodega -> En Reparto
3,PED-099,En Bodega,En Reparto,PED-099: En Bodega -> En Reparto
3,PED-100,En Bodega,En Reparto,PED-100: En Bodega -> En Reparto
3,PED-101,En Bodega,En Reparto,PED-101: En Bodega -> En Reparto
3,PED-102,En Bodega,En Reparto,PED-102: En Bodega -> En Reparto
3,PED-103,En Bodega,En Reparto,PED-103: En Bodega -> En Reparto
3,PED-104,En Bodega,En Reparto,PED-104: En Bodega -> En Reparto
3,PED-105,En Bodega,En Bodega,PED-105: En Bodega -> En Bodega
3,PED-106,En Bodega,En Reparto,PED-106: En Bodega -> En Reparto
3,PED-108,En Bodega,En Reparto,PED-108: En Bodega -> En Reparto
3,PED-109,En Bodega,En Reparto,PED-109: En Bodega -> En Reparto
3,PED-110,En Bodega,En Reparto,PED-110: En Bodega -> En Reparto
3,PED-111,En Preparación,En Bodega,PED-111: En Preparación -> En Bodega
3,PED-112,En Preparación,En Bodega,PED-112: En Preparación -> En Bodega
3,PED-113,En Bodega,En Bodega,PED-113: En Bodega -> En Bodega
3,PED-116,En Bodega,En Reparto,PED-116: En Bodega -> En Reparto
3,PED-118,En Bodega,En Reparto,PED-118: En Bodega -> En Reparto
3,PED-119,En Bodega,En Reparto,PED-119: En Bodega -> En Reparto
3,PED-120,En Bodega,En Bodega,PED-120: En Bodega -> En Bodega
3,PED-121,En Preparación,En Bodega,PED-121: En Preparación -> En Bodega
3,PED-122,En Bodega,En Reparto,PED-122: En Bodega -> En Reparto
3,PED-123,En Bodega,En Reparto,PED-123: En Bodega -> En Reparto
3,PED-124,En Bodega,En Reparto,PED-124: En Bodega -> En Reparto
3,PED-125,En Bodega,En Reparto,PED-125: En Bodega -> En Reparto
3,PED-126,En Bodega,En Bodega,PED-126: En Bodega -> En Bodega
3,PED-127,En Bodega,En Reparto,PED-127: En Bodega -> En Reparto
3,PED-129,En Bodega,En Reparto,PED-129: En Bodega -> En Reparto
3,PED-130,En Bodega,En Reparto,PED-130: En Bodega -> En Reparto
3,PED-131,En Bodega,En Reparto,PED-131: En Bodega -> En Reparto
3,PED-132,En Bodega,En Reparto,PED-132: En Bodega -> En Reparto
3,PED-133,En Bodega,En Reparto,PED-133: En Bodega -> En Reparto
3,PED-134,En Preparación,En Bodega,PED-134: En Preparación -> En Bodega
3,PED-135,En Bodega,En Reparto,PED-135: En Bodega -> En Reparto
3,PED-136,En Bodega,En Reparto,PED-136: En Bodega -> En Reparto
3,PED-137,En Bodega,En Bodega,PED-137: En Bodega -> En Bodega
3,PED-139,En Bodega,En Reparto,PED-139: En Bodega -> En Reparto
3,PED-140,En Bodega,En Bodega,PED-140: En Bodega -> En Bodega
3,PED-141,En Bodega,En Reparto,PED-141: En Bodega -> En Reparto
3,PED-142,En Bodega,En Reparto,PED-142: En Bodega -> En Reparto
3,PED-143,En Bodega,En Reparto,PED-143: En Bodega -> En Reparto
3,PED-144,En Preparación,En Bodega,PED-144: En Preparación -> En Bodega
3,PED-145,En Bodega,En Reparto,PED-145: En Bodega -> En Reparto
3,PED-146,En Bodega,En Reparto,PED-146: En Bodega -> En Reparto
3,PED-147,En Bodega,En Reparto,PED-147: En Bodega -> En Reparto
3,PED-148,En Bodega,En Reparto,PED-148: En Bodega -> En Reparto
3,PED-149,En Bodega,En Reparto,PED-149: En Bodega -> En Reparto
3,PED-150,En Bodega,En Bodega,PED-150: En Bodega -> En Bodega
3,PED-151,En Bodega,En Reparto,PED-151: En Bodega -> En Reparto
3,PED-152,En Bodega,En Reparto,PED-152: En Bodega -> En Reparto
3,PED-153,En Bodega,En Reparto,PED-153: En Bodega -> En Reparto
3,PED-154,En Bodega,En Reparto,PED-154: En Bodega -> En Reparto
3,PED-155,En Preparación,En Bodega,PED-155: En Preparación -> En Bodega
3,PED-156,En Bodega,En Reparto,PED-156: En Bodega -> En Reparto
3,PED-158,En Bodega,En Reparto,PED-158: En Bodega -> En Reparto
3,PED-159,En Bodega,En Reparto,PED-159: En Bodega -> En Reparto
3,PED-160,En Bodega,En Reparto,PED-160: En Bodega -> En Reparto
3,PED-161,En Bodega,En Reparto,PED-161: En Bodega -> En Reparto
3,PED-162,En Bodega,En Reparto,PED-162: En Bodega -> En Reparto
3,PED-164,En Bodega,En Reparto,PED-164: En Bodega -> En Reparto
3,PED-166,En Bodega,En Reparto,PED-166: En Bodega -> En Reparto
3,PED-167,En Bodega,En Reparto,PED-167: En Bodega -> En Reparto
3,PED-168,En Bodega,En Reparto,PED-168: En Bodega -> En Reparto
3,PED-169,En Bodega,En Reparto,PED-169: En Bodega -> En Reparto
3,PED-170,En Bodega,En Reparto,PED-170: En Bodega -> En Reparto
3,PED-171,En Bodega,En Reparto,PED-171: En Bodega -> En Reparto
3,PED-172,En Preparación,En Bodega,PED-172: En Preparación -> En Bodega
3,PED-173,En Bodega,En Reparto,PED-173: En Bodega -> En Reparto
3,PED-174,En Bodega,En Reparto,PED-174: En Bodega -> En Reparto
3,PED-175,En Bodega,En Reparto,PED-175: En Bodega -> En Reparto
3,PED-176,En Bodega,En Reparto,PED-176: En Bodega -> En Reparto
3,PED-177,En Bodega,En Reparto,PED-177: En Bodega -> En Reparto
3,PED-178,En Bodega,En Reparto,PED-178: En Bodega -> En Reparto
3,PED-179,En Bodega,En Reparto,PED-179: En Bodega -> En Reparto
3,PED-180,En Bodega,En Bodega,PED-180: En Bodega -> En Bodega
3,PED-181,En Bodega,En Bodega,PED-181: En Bodega -> En Bodega
3,PED-182,En Bodega,En Reparto,PED-182: En Bodega -> En Reparto
3,PED-185,En Bodega,En Reparto,PED-185: En Bodega -> En Reparto
3,PED-186,En Bodega,En Reparto,PED-186: En Bodega -> En Reparto
3,PED-187,En Bodega,En Reparto,PED-187: En Bodega -> En Reparto
3,PED-190,En Preparación,En Preparación,PED-190: En Preparación -> En Preparación
3,PED-192,En Bodega,En Reparto,PED-192: En Bodega -> En Reparto
3,PED-193,En Bodega,En Reparto,PED-193: En Bodega -> En Reparto
3,PED-194,En Bodega,En Bodega,PED-194: En Bodega -> En Bodega
3,PED-195,En Preparación,En Bodega,PED-195: En Preparación -> En Bodega
3,PED-197,En Bodega,En Reparto,PED-197: En Bodega -> En Reparto
3,PED-198,En Bodega,En Bodega,PED-198: En Bodega -> En Bodega
3,PED-199,En Bodega,En Reparto,PED-199: En Bodega -> En Reparto
3,PED-200,En Bodega,En Reparto,PED-200: En Bodega -> En Reparto
3,PED-201,En Bodega,En Bodega,PED-201: En Bodega -> En Bodega
3,PED-202,En Preparación,En Bodega,PED-202: En Preparación -> En Bodega
3,PED-203,En Bodega,En Reparto,PED-203: En Bodega -> En Reparto
3,PED-204,En Preparación,En Bodega,PED-204: En Preparación -> En Bodega
3,PED-205,En Bodega,En Reparto,PED-205: En Bodega -> En Reparto
3,PED-206,En Bodega,En Bodega,PED-206: En Bodega -> En Bodega
3,PED-207,En Bodega,En Reparto,PED-207: En Bodega -> En Reparto
3,PED-208,En Bodega,En Reparto,PED-208: En Bodega -> En Reparto
3,PED-209,En Bodega,En Bodega,PED-209: En Bodega -> En Bodega
3,PED-210,En Bodega,En Reparto,PED-210: En Bodega -> En Reparto
3,PED-212,En Bodega,En Reparto,PED-212: En Bodega -> En Reparto
3,PED-213,En Bodega,En Reparto,PED-213: En Bodega -> En Reparto
3,PED-214,En Bodega,En Reparto,PED-214: En Bodega -> En Reparto
3,PED-215,En Bodega,En Reparto,PED-215: En Bodega -> En Reparto
3,PED-216,En Bodega,En Reparto,PED-216: En Bodega -> En Reparto
3,PED-218,En Bodega,En Reparto,PED-218: En Bodega -> En Reparto
3,PED-219,En Bodega,En Reparto,PED-219: En Bodega -> En Reparto
3,PED-220,En Preparación,En Preparación,PED-220: En Preparación -> En Preparación
3,PED-221,En Bodega,En Reparto,PED-221: En Bodega -> En Reparto
3,PED-222,En Bodega,En Reparto,PED-222: En Bodega -> En Reparto
3,PED-223,En Bodega,En Reparto,PED-223: En Bodega -> En Reparto
3,PED-224,En Bodega,En Reparto,PED-224: En Bodega -> En Reparto
3,PED-225,En Preparación,En Preparación,PED-225: En Preparación -> En Preparación
3,PED-226,En Bodega,En Reparto,PED-226: En Bodega -> En Reparto
3,PED-227,En Bodega,En Reparto,PED-227: En Bodega -> En Reparto
3,PED-228,En Bodega,En Reparto,PED-228: En Bodega -> En Reparto
3,PED-229,En Bodega,En Reparto,PED-229: En Bodega -> En Reparto
3,PED-230,En Bodega,En Reparto,PED-230: En Bodega -> En Reparto
3,PED-231,En Bodega,En Reparto,PED-231: En Bodega -> En Reparto
3,PED-233,En Preparación,En Bodega,PED-233: En Preparación -> En Bodega
3,PED-234,En Bodega,En Reparto,PED-234: En Bodega -> En Reparto
3,PED-235,En Bodega,En Reparto,PED-235: En Bodega -> En Reparto
3,PED-236,En Bodega,En Bodega,PED-236: En Bodega -> En Bodega
3,PED-237,En Bodega,En Reparto,PED-237: En Bodega -> En Reparto
3,PED-238,En Bodega,En Reparto,PED-238: En Bodega -> En Reparto
3,PED-239,En Bodega,En Reparto,PED-239: En Bodega -> En Reparto
3,PED-240,En Preparación,En Bodega,PED-240: En Preparación -> En Bodega
3,PED-241,En Bodega,En Reparto,PED-241: En Bodega -> En Reparto
3,PED-242,En Bodega,En Reparto,PED-242: En Bodega -> En Reparto
3,PED-243,En Bodega,En Bodega,PED-243: En Bodega -> En Bodega
3,PED-244,En Bodega,En Reparto,PED-244: En Bodega -> En Reparto
3,PED-245,En Bodega,En Bodega,PED-245: En Bodega -> En Bodega
3,PED-246,En Bodega,En Reparto,PED-246: En Bodega -> En Reparto
3,PED-247,En Bodega,En Reparto,PED-247: En Bodega -> En Reparto
3,PED-248,En Bodega,En Reparto,PED-248: En Bodega -> En Reparto
3,PED-249,En Bodega,En Reparto,PED-249: En Bodega -> En Reparto
3,PED-250,En Bodega,En Reparto,PED-250: En Bodega -> En Reparto
3,PED-251,En Bodega,En Reparto,PED-251: En Bodega -> En Reparto
3,PED-252,En Bodega,En Reparto,PED-252: En Bodega -> En Reparto
3,PED-253,En Bodega,En Reparto,PED-253: En Bodega -> En Reparto
3,PED-255,En Bodega,En Reparto,PED-255: En Bodega -> En Reparto
3,PED-256,En Bodega,En Reparto,PED-256: En Bodega -> En Reparto
3,PED-257,En Bodega,En Reparto,PED-257: En Bodega -> En Reparto
3,PED-258,En Bodega,En Reparto,PED-258: En Bodega -> En Reparto
3,PED-259,En Bodega,En Reparto,PED-259: En Bodega -> En Reparto
3,PED-261,En Bodega,En Reparto,PED-261: En Bodega -> En Reparto
3,PED-262,En Bodega,En Reparto,PED-262: En Bodega -> En Reparto
3,PED-263,En Bodega,En Reparto,PED-263: En Bodega -> En Reparto
3,PED-264,En Bodega,En Reparto,PED-264: En Bodega -> En Reparto
3,PED-265,En Bodega,En Reparto,PED-265: En Bodega -> En Reparto
3,PED-266,En Bodega,En Reparto,PED-266: En Bodega -> En Reparto
3,PED-268,En Bodega,En Bodega,PED-268: En Bodega -> En Bodega
3,PED-269,En Bodega,En Reparto,PED-269: En Bodega -> En Reparto
3,PED-270,En Bodega,En Reparto,PED-270: En Bodega -> En Reparto
3,PED-271,En Bodega,En Reparto,PED-271: En Bodega -> En Reparto
3,PED-272,En Bodega,En Reparto,PED-272: En Bodega -> En Reparto
3,PED-273,En Bodega,En Reparto,PED-273: En Bodega -> En Reparto
3,PED-274,En Bodega,En Reparto,PED-274: En Bodega -> En Reparto
3,PED-275,En Preparación,En Bodega,PED-275: En Preparación -> En Bodega
3,PED-276,En Bodega,En Reparto,PED-276: En Bodega -> En Reparto
3,PED-277,En Bodega,En Reparto,PED-277: En Bodega -> En Reparto
3,PED-278,En Bodega,En Reparto,PED-278: En Bodega -> En Reparto
3,PED-280,En Bodega,En Bodega,PED-280: En Bodega -> En Bodega
3,PED-281,En Bodega,En Reparto,PED-281: En Bodega -> En Reparto
3,PED-282,En Bodega,En Reparto,PED-282: En Bodega -> En Reparto
3,PED-283,En Bodega,En Reparto,PED-283: En Bodega -> En Reparto
3,PED-284,En Bodega,En Reparto,PED-284: En Bodega -> En Reparto
3,PED-285,En Bodega,En Reparto,PED-285: En Bodega -> En Reparto
3,PED-286,En Bodega,En Reparto,PED-286: En Bodega -> En Reparto
3,PED-287,En Bodega,En Bodega,PED-287: En Bodega -> En Bodega
3,PED-289,En Bodega,En Reparto,PED-289: En Bodega -> En Reparto
3,PED-290,En Bodega,En Reparto,PED-290: En Bodega -> En Reparto
3,PED-291,En Bodega,En Reparto,PED-291: En Bodega -> En Reparto
3,PED-292,En Bodega,En Reparto,PED-292: En Bodega -> En Reparto
3,PED-293,En Preparación,En Bodega,PED-293: En Preparación -> En Bodega
3,PED-294,En Bodega,En Reparto,PED-294: En Bodega -> En Reparto
3,PED-295,En Bodega,En Reparto,PED-295: En Bodega -> En Reparto
3,PED-296,En Bodega,En Reparto,PED-296: En Bodega -> En Reparto
3,PED-297,En Bodega,En Reparto,PED-297: En Bodega -> En Reparto
3,PED-298,En Bodega,En Reparto,PED-298: En Bodega -> En Reparto
3,PED-299,En Bodega,En Reparto,PED-299: En Bodega -> En Reparto
3,PED-300,En Bodega,En Reparto,PED-300: En Bodega -> En Reparto
3,PED-301,En Bodega,En Reparto,PED-301: En Bodega -> En Reparto
3,PED-302,En Bodega,En Reparto,PED-302: En Bodega -> En Reparto
3,PED-303,En Bodega,En Reparto,PED-303: En Bodega -> En Reparto
3,PED-304,En Bodega,En Reparto,PED-304: En Bodega -> En Reparto
3,PED-305,En Bodega,En Reparto,PED-305: En Bodega -> En Reparto
3,PED-306,En Bodega,En Reparto,PED-306: En Bodega -> En Reparto
3,PED-307,En Bodega,En Reparto,PED-307: En Bodega -> En Reparto
3,PED-308,En Bodega,En Reparto,PED-308: En Bodega -> En Reparto
3,PED-309,En Bodega,En Reparto,PED-309: En Bodega -> En Reparto
3,PED-310,En Preparación,En Bodega,PED-310: En Preparación -> En Bodega
3,PED-311,En Bodega,En Bodega,PED-311: En Bodega -> En Bodega
3,PED-312,En Bodega,En Reparto,PED-312: En Bodega -> En Reparto
3,PED-313,En Bodega,En Bodega,PED-313: En Bodega -> En Bodega
3,PED-314,En Bodega,En Reparto,PED-314: En Bodega -> En Reparto
3,PED-316,En Bodega,En Reparto,PED-316: En Bodega -> En Reparto
3,PED-319,En Bodega,En Reparto,PED-319: En Bodega -> En Reparto
3,PED-320,En Bodega,En Reparto,PED-320: En Bodega -> En Reparto
3,PED-321,En Bodega,En Reparto,PED-321: En Bodega -> En Reparto
3,PED-322,En Bodega,En Reparto,PED-322: En Bodega -> En Reparto
3,PED-323,En Bodega,En Reparto,PED-323: En Bodega -> En Reparto
3,PED-324,En Bodega,En Reparto,PED-324: En Bodega -> En Reparto
3,PED-325,En Bodega,En Reparto,PED-325: En Bodega -> En Reparto
3,PED-326,En Bodega,En Reparto,PED-326: En Bodega -> En Reparto
3,PED-327,En Bodega,En Reparto,PED-327: En Bodega -> En Reparto
3,PED-328,En Bodega,En Reparto,PED-328: En Bodega -> En Reparto
3,PED-329,En Bodega,En Reparto,PED-329: En Bodega -> En Reparto
3,PED-330,En Bodega,En Bodega,PED-330: En Bodega -> En Bodega
3,PED-331,En Bodega,En Reparto,PED-331: En Bodega -> En Reparto
3,PED-332,En Bodega,En Reparto,PED-332: En Bodega -> En Reparto
3,PED-333,En Bodega,En Reparto,PED-333: En Bodega -> En Reparto
3,PED-334,En Bodega,En Reparto,PED-334: En Bodega -> En Reparto
3,PED-335,En Bodega,En Reparto,PED-335: En Bodega -> En Reparto
3,PED-336,En Bodega,En Reparto,PED-336: En Bodega -> En Reparto
3,PED-337,En Preparación,En Bodega,PED-337: En Preparación -> En Bodega
3,PED-338,En Bodega,En Reparto,PED-338: En Bodega -> En Reparto
3,PED-339,En Bodega,En Reparto,PED-339: En Bodega -> En Reparto
3,PED-340,En Bodega,En Reparto,PED-340: En Bodega -> En Reparto
3,PED-341,En Bodega,En Reparto,PED-341: En Bodega -> En Reparto
3,PED-342,En Bodega,En Reparto,PED-342: En Bodega -> En Reparto
3,PED-343,En Bodega,En Reparto,PED-343: En Bodega -> En Reparto
3,PED-345,En Preparación,En Bodega,PED-345: En Preparación -> En Bodega
3,PED-346,En Bodega,En Bodega,PED-346: En Bodega -> En Bodega
3,PED-347,En Bodega,En Reparto,PED-347: En Bodega -> En Reparto
3,PED-348,En Bodega,En Reparto,PED-348: En Bodega -> En Reparto
3,PED-349,En Bodega,En Reparto,PED-349: En Bodega -> En Reparto
3,PED-351,En Bodega,En Reparto,PED-351: En Bodega -> En Reparto
3,PED-352,En Bodega,En Reparto,PED-352: En Bodega -> En Reparto
3,PED-353,En Bodega,En Reparto,PED-353: En Bodega -> En Reparto
3,PED-354,En Preparación,En Bodega,PED-354: En Preparación -> En Bodega
3,PED-355,En Bodega,En Reparto,PED-355: En Bodega -> En Reparto
3,PED-356,En Bodega,En Bodega,PED-356: En Bodega -> En Bodega
3,PED-357,En Bodega,En Reparto,PED-357: En Bodega -> En Reparto
3,PED-358,En Bodega,En Reparto,PED-358: En Bodega -> En Reparto
3,PED-359,En Bodega,En Reparto,PED-359: En Bodega -> En Reparto
3,PED-360,En Bodega,En Reparto,PED-360: En Bodega -> En Reparto
3,PED-361,En Bodega,En Reparto,PED-361: En Bodega -> En Reparto
3,PED-362,En Preparación,En Bodega,PED-362: En Preparación -> En Bodega
3,PED-363,En Bodega,En Reparto,PED-363: En Bodega -> En Reparto
3,PED-364,En Bodega,En Reparto,PED-364: En Bodega -> En Reparto
3,PED-365,En Bodega,En Reparto,PED-365: En Bodega -> En Reparto
3,PED-366,En Bodega,En Reparto,PED-366: En Bodega -> En Reparto
3,PED-367,En Bodega,En Reparto,PED-367: En Bodega -> En Reparto
3,PED-368,En Bodega,En Reparto,PED-368: En Bodega -> En Reparto
3,PED-369,En Bodega,En Reparto,PED-369: En Bodega -> En Reparto
3,PED-370,En Bodega,En Reparto,PED-370: En Bodega -> En Reparto
3,PED-371,En Preparación,En Bodega,PED-371: En Preparación -> En Bodega
3,PED-372,En Bodega,En Reparto,PED-372: En Bodega -> En Reparto
3,PED-373,En Bodega,En Reparto,PED-373: En Bodega -> En Reparto
3,PED-374,En Bodega,En Bodega,PED-374: En Bodega -> En Bodega
3,PED-375,En Bodega,En Bodega,PED-375: En Bodega -> En Bodega
3,PED-376,En Bodega,En Reparto,PED-376: En Bodega -> En Reparto
3,PED-377,En Bodega,En Reparto,PED-377: En Bodega -> En Reparto
3,PED-378,En Bodega,En Reparto,PED-378: En Bodega -> En Reparto
3,PED-379,En Bodega,En Bodega,PED-379: En Bodega -> En Bodega
3,PED-380,En Bodega,En Reparto,PED-380: En Bodega -> En Reparto
3,PED-381,En Bodega,En Reparto,PED-381: En Bodega -> En Reparto
3,PED-382,En Bodega,En Reparto,PED-382: En Bodega -> En Reparto
3,PED-383,En Bodega,En Reparto,PED-383: En Bodega -> En Reparto
3,PED-384,En Bodega,En Reparto,PED-384: En Bodega -> En Reparto
3,PED-385,En Preparación,En Bodega,PED-385: En Preparación -> En Bodega
3,PED-386,En Bodega,En Reparto,PED-386: En Bodega -> En Reparto
3,PED-387,En Bodega,En Bodega,PED-387: En Bodega -> En Bodega
3,PED-388,En Bodega,En Reparto,PED-388: En Bodega -> En Reparto
3,PED-389,En Bodega,En Bodega,PED-389: En Bodega -> En Bodega
3,PED-390,En Bodega,En Reparto,PED-390: En Bodega -> En Reparto
3,PED-391,En Bodega,En Bodega,PED-391: En Bodega -> En Bodega
3,PED-392,En Bodega,En Reparto,PED-392: En Bodega -> En Reparto
3,PED-393,En Bodega,En Reparto,PED-393: En Bodega -> En Reparto
3,PED-394,En Bodega,En Reparto,PED-394: En Bodega -> En Reparto
3,PED-396,En Bodega,En Reparto,PED-396: En Bodega -> En Reparto
3,PED-397,En Bodega,En Reparto,PED-397: En Bodega -> En Reparto
3,PED-398,En Bodega,En Reparto,PED-398: En Bodega -> En Reparto
3,PED-399,En Bodega,En Reparto,PED-399: En Bodega -> En Reparto
3,PED-401,En Bodega,En Reparto,PED-401: En Bodega -> En Reparto
3,PED-402,En Bodega,En Reparto,PED-402: En Bodega -> En Reparto
3,PED-403,En Bodega,En Reparto,PED-403: En Bodega -> En Reparto
3,PED-404,En Bodega,En Reparto,PED-404: En Bodega -> En Reparto
3,PED-405,En Bodega,En Bodega,PED-405: En Bodega -> En Bodega
3,PED-406,En Bodega,En Reparto,PED-406: En Bodega -> En Reparto
3,PED-407,En Bodega,En Reparto,PED-407: En Bodega -> En Reparto
3,PED-408,En Bodega,En Reparto,PED-408: En Bodega -> En Reparto
3,PED-409,En Bodega,En Bodega,PED-409: En Bodega -> En Bodega
3,PED-410,En Bodega,En Reparto,PED-410: En Bodega -> En Reparto
3,PED-411,En Bodega,En Reparto,PED-411: En Bodega -> En Reparto
3,PED-412,En Bodega,En Reparto,PED-412: En Bodega -> En Reparto
3,PED-414,En Bodega,En Reparto,PED-414: En Bodega -> En Reparto
3,PED-415,En Bodega,En Reparto,PED-415: En Bodega -> En Reparto
3,PED-416,En Bodega,En Reparto,PED-416: En Bodega -> En Reparto
3,PED-417,En Bodega,En Reparto,PED-417: En Bodega -> En Reparto
3,PED-418,En Bodega,En Reparto,PED-418: En Bodega -> En Reparto
3,PED-419,En Bodega,En Reparto,PED-419: En Bodega -> En Reparto
3,PED-421,En Bodega,En Reparto,PED-421: En Bodega -> En Reparto
3,PED-422,En Bodega,En Reparto,PED-422: En Bodega -> En Reparto
3,PED-424,En Bodega,En Reparto,PED-424: En Bodega -> En Reparto
3,PED-425,En Bodega,En Reparto,PED-425: En Bodega -> En Reparto
3,PED-426,En Bodega,En Reparto,PED-426: En Bodega -> En Reparto
3,PED-427,En Bodega,En Bodega,PED-427: En Bodega -> En Bodega
3,PED-428,En Bodega,En Reparto,PED-428: En Bodega -> En Reparto
3,PED-429,En Bodega,En Reparto,PED-429: En Bodega -> En Reparto
3,PED-430,En Bodega,En Reparto,PED-430: En Bodega -> En Reparto
3,PED-431,En Bodega,En Reparto,PED-431: En Bodega -> En Reparto
3,PED-432,En Bodega,En Reparto,PED-432: En Bodega -> En Reparto
3,PED-433,En Bodega,En Reparto,PED-433: En Bodega -> En Reparto
3,PED-434,En Bodega,En Reparto,PED-434: En Bodega -> En Reparto
3,PED-435,En Bodega,En Reparto,PED-435: En Bodega -> En Reparto
3,PED-436,En Bodega,En Reparto,PED-436: En Bodega -> En Reparto
3,PED-437,En Bodega,En Reparto,PED-437: En Bodega -> En Reparto
3,PED-438,En Bodega,En Reparto,PED-438: En Bodega -> En Reparto
3,PED-439,En Bodega,En Reparto,PED-439: En Bodega -> En Reparto
3,PED-440,En Bodega,En Reparto,PED-440: En Bodega -> En Reparto
3,PED-441,En Bodega,En Reparto,PED-441: En Bodega -> En Reparto
3,PED-442,En Preparación,En Bodega,PED-442: En Preparación -> En Bodega
3,PED-443,En Bodega,En Reparto,PED-443: En Bodega -> En Reparto
3,PED-444,En Bodega,En Reparto,PED-444: En Bodega -> En Reparto
3,PED-445,En Bodega,En Reparto,PED-445: En Bodega -> En Reparto
3,PED-447,En Preparación,En Bodega,PED-447: En Preparación -> En Bodega
3,PED-449,En Bodega,En Reparto,PED-449: En Bodega -> En Reparto
3,PED-451,En Bodega,En Reparto,PED-451: En Bodega -> En Reparto
3,PED-452,En Bodega,En Reparto,PED-452: En Bodega -> En Reparto
3,PED-453,En Bodega,En Reparto,PED-453: En Bodega -> En Reparto
3,PED-454,En Bodega,En Reparto,PED-454: En Bodega -> En Reparto
3,PED-457,En Bodega,En Bodega,PED-457: En Bodega -> En Bodega
3,PED-458,En Bodega,En Bodega,PED-458: En Bodega -> En Bodega
3,PED-459,En Bodega,En Reparto,PED-459: En Bodega -> En Reparto
3,PED-460,En Bodega,En Reparto,PED-460: En Bodega -> En Reparto
3,PED-461,En Bodega,En Reparto,PED-461: En Bodega -> En Reparto
3,PED-462,En Bodega,En Reparto,PED-462: En Bodega -> En Reparto
3,PED-463,En Bodega,En Bodega,PED-463: En Bodega -> En Bodega
3,PED-464,En Bodega,En Reparto,PED-464: En Bodega -> En Reparto
3,PED-465,En Bodega,En Reparto,PED-465: En Bodega -> En Reparto
3,PED-467,En Bodega,En Reparto,PED-467: En Bodega -> En Reparto
3,PED-468,En Bodega,En Bodega,PED-468: En Bodega -> En Bodega
3,PED-470,En Bodega,En Reparto,PED-470: En Bodega -> En Reparto
3,PED-471,En Bodega,En Bodega,PED-471: En Bodega -> En Bodega
3,PED-472,En Bodega,En Reparto,PED-472: En Bodega -> En Reparto
3,PED-473,En Bodega,En Reparto,PED-473: En Bodega -> En Reparto
3,PED-474,En Bodega,En Reparto,PED-474: En Bodega -> En Reparto
3,PED-475,En Preparación,En Bodega,PED-475: En Preparación -> En Bodega
3,PED-476,En Bodega,En Reparto,PED-476: En Bodega -> En Reparto
3,PED-477,En Bodega,En Reparto,PED-477: En Bodega -> En Reparto
3,PED-479,En Bodega,En Reparto,PED-479: En Bodega -> En Reparto
3,PED-481,En Bodega,En Reparto,PED-481: En Bodega -> En Reparto
3,PED-482,En Bodega,En Reparto,PED-482: En Bodega -> En Reparto
3,PED-485,En Bodega,En Reparto,PED-485: En Bodega -> En Reparto
3,PED-486,En Bodega,En Bodega,PED-486: En Bodega -> En Bodega
3,PED-487,En Bodega,En Reparto,PED-487: En Bodega -> En Reparto
3,PED-488,En Bodega,En Reparto,PED-488: En Bodega -> En Reparto
3,PED-489,En Bodega,En Reparto,PED-489: En Bodega -> En Reparto
3,PED-490,En Bodega,En Bodega,PED-490: En Bodega -> En Bodega
3,PED-491,En Bodega,En Reparto,PED-491: En Bodega -> En Reparto
3,PED-492,En Bodega,En Reparto,PED-492: En Bodega -> En Reparto
3,PED-493,En Bodega,En Reparto,PED-493: En Bodega -> En Reparto
3,PED-494,En Bodega,En Bodega,PED-494: En Bodega -> En Bodega
3,PED-495,En Bodega,En Reparto,PED-495: En Bodega -> En Reparto
3,PED-496,En Bodega,En Reparto,PED-496: En Bodega -> En Reparto
3,PED-497,En Bodega,En Reparto,PED-497: En Bodega -> En Reparto
3,PED-498,En Bodega,En Reparto,PED-498: En Bodega -> En Reparto
3,PED-499,En Bodega,En Reparto,PED-499: En Bodega -> En Reparto
3,PED-500,En Bodega,En Reparto,PED-500: En Bodega -> En Reparto
3,PED-501,En Preparación,En Bodega,PED-501: En Preparación -> En Bodega
3,PED-502,En Bodega,En Reparto,PED-502: En Bodega -> En Reparto
3,PED-503,En Bodega,En Reparto,PED-503: En Bodega -> En Reparto
3,PED-504,En Bodega,En Reparto,PED-504: En Bodega -> En Reparto
3,PED-505,En Bodega,En Bodega,PED-505: En Bodega -> En Bodega
3,PED-506,En Bodega,En Reparto,PED-506: En Bodega -> En Reparto
3,PED-507,En Bodega,En Reparto,PED-507: En Bodega -> En Reparto
3,PED-508,En Preparación,En Bodega,PED-508: En Preparación -> En Bodega
3,PED-509,En Bodega,En Reparto,PED-509: En Bodega -> En Reparto
3,PED-510,En Bodega,En Reparto,PED-510: En Bodega -> En Reparto
3,PED-511,En Bodega,En Reparto,PED-511: En Bodega -> En Reparto
3,PED-512,En Bodega,En Reparto,PED-512: En Bodega -> En Reparto
3,PED-513,En Bodega,En Reparto,PED-513: En Bodega -> En Reparto
3,PED-514,En Bodega,En Reparto,PED-514: En Bodega -> En Reparto
3,PED-515,En Bodega,En Reparto,PED-515: En Bodega -> En Reparto
3,PED-516,En Bodega,En Reparto,PED-516: En Bodega -> En Reparto
3,PED-517,En Preparación,En Bodega,PED-517: En Preparación -> En Bodega
3,PED-518,En Preparación,En Bodega,PED-518: En Preparación -> En Bodega
3,PED-519,En Bodega,En Reparto,PED-519: En Bodega -> En Reparto
3,PED-520,En Bodega,En Reparto,PED-520: En Bodega -> En Reparto
3,PED-521,En Bodega,En Reparto,PED-521: En Bodega -> En Reparto
3,PED-522,En Bodega,En Reparto,PED-522: En Bodega -> En Reparto
3,PED-523,En Bodega,En Reparto,PED-523: En Bodega -> En Reparto
3,PED-524,En Bodega,En Reparto,PED-524: En Bodega -> En Reparto
3,PED-525,En Bodega,En Reparto,PED-525: En Bodega -> En Reparto
3,PED-526,En Bodega,En Reparto,PED-526: En Bodega -> En Reparto
3,PED-527,En Bodega,En Reparto,PED-527: En Bodega -> En Reparto
3,PED-528,En Bodega,En Reparto,PED-528: En Bodega -> En Reparto
3,PED-529,En Bodega,En Reparto,PED-529: En Bodega -> En Reparto
3,PED-531,En Bodega,En Reparto,PED-531: En Bodega -> En Reparto
3,PED-532,En Bodega,En Reparto,PED-532: En Bodega -> En Reparto
3,PED-533,En Bodega,En Reparto,PED-533: En Bodega -> En Reparto
3,PED-534,En Bodega,En Bodega,PED-534: En Bodega -> En Bodega
3,PED-535,En Bodega,En Reparto,PED-535: En Bodega -> En Reparto
3,PED-536,En Bodega,En Reparto,PED-536: En Bodega -> En Reparto
3,PED-537,En Bodega,En Reparto,PED-537: En Bodega -> En Reparto
3,PED-538,En Bodega,En Reparto,PED-538: En Bodega -> En Reparto
3,PED-539,En Bodega,En Reparto,PED-539: En Bodega -> En Reparto
3,PED-540,En Bodega,En Reparto,PED-540: En Bodega -> En Reparto
3,PED-541,En Bodega,En Reparto,PED-541: En Bodega -> En Reparto
3,PED-542,En Bodega,En Reparto,PED-542: En Bodega -> En Reparto
3,PED-543,En Preparación,En Bodega,PED-543: En Preparación -> En Bodega
3,PED-544,En Bodega,En Reparto,PED-544: En Bodega -> En Reparto
3,PED-545,En Bodega,En Reparto,PED-545: En Bodega -> En Reparto
3,PED-546,En Bodega,En Reparto,PED-546: En Bodega -> En Reparto
3,PED-547,En Preparación,En Bodega,PED-547: En Preparación -> En Bodega
3,PED-548,En Bodega,En Reparto,PED-548: En Bodega -> En Reparto
3,PED-549,En Bodega,En Reparto,PED-549: En Bodega -> En Reparto
3,PED-550,En Bodega,En Reparto,PED-550: En Bodega -> En Reparto
3,PED-551,En Bodega,En Reparto,PED-551: En Bodega -> En Reparto
3,PED-553,En Bodega,En Reparto,PED-553: En Bodega -> En Reparto
3,PED-554,En Bodega,En Reparto,PED-554: En Bodega -> En Reparto
3,PED-555,En Bodega,En Reparto,PED-555: En Bodega -> En Reparto
3,PED-557,En Preparación,En Bodega,PED-557: En Preparación -> En Bodega
3,PED-559,En Bodega,En Reparto,PED-559: En Bodega -> En Reparto
3,PED-560,En Bodega,En Reparto,PED-560: En Bodega -> En Reparto
3,PED-562,En Bodega,En Reparto,PED-562: En Bodega -> En Reparto
3,PED-563,En Bodega,En Reparto,PED-563: En Bodega -> En Reparto
3,PED-564,En Preparación,En Bodega,PED-564: En Preparación -> En Bodega
3,PED-565,En Bodega,En Reparto,PED-565: En Bodega -> En Reparto
3,PED-566,En Bodega,En Bodega,PED-566: En Bodega -> En Bodega
3,PED-567,En Bodega,En Reparto,PED-567: En Bodega -> En Reparto
3,PED-568,En Bodega,En Reparto,PED-568: En Bodega -> En Reparto
3,PED-570,En Bodega,En Reparto,PED-570: En Bodega -> En Reparto
3,PED-571,En Bodega,En Reparto,PED-571: En Bodega -> En Reparto
3,PED-572,En Bodega,En Reparto,PED-572: En Bodega -> En Reparto
3,PED-573,En Bodega,En Reparto,PED-573: En Bodega -> En Reparto
3,PED-576,En Bodega,En Reparto,PED-576: En Bodega -> En Reparto
3,PED-577,En Bodega,En Reparto,PED-577: En Bodega -> En Reparto
3,PED-578,En Bodega,En Reparto,PED-578: En Bodega -> En Reparto
3,PED-579,En Bodega,En Reparto,PED-579: En Bodega -> En Reparto
3,PED-580,En Bodega,En Reparto,PED-580: En Bodega -> En Reparto
3,PED-581,En Bodega,En Reparto,PED-581: En Bodega -> En Reparto
3,PED-582,En Bodega,En Reparto,PED-582: En Bodega -> En Reparto
3,PED-583,En Preparación,En Bodega,PED-583: En Preparación -> En Bodega
3,PED-584,En Bodega,En Reparto,PED-584: En Bodega -> En Reparto
3,PED-585,En Bodega,En Bodega,PED-585: En Bodega -> En Bodega
3,PED-586,En Bodega,En Reparto,PED-586: En Bodega -> En Reparto
3,PED-587,En Bodega,En Reparto,PED-587: En Bodega -> En Reparto
3,PED-588,En Bodega,En Reparto,PED-588: En Bodega -> En Reparto
3,PED-589,En Bodega,En Reparto,PED-589: En Bodega -> En Reparto
3,PED-590,En Bodega,En Bodega,PED-590: En Bodega -> En Bodega
3,PED-591,En Bodega,En Reparto,PED-591: En Bodega -> En Reparto
3,PED-592,En Bodega,En Reparto,PED-592: En Bodega -> En Reparto
3,PED-593,En Bodega,En Reparto,PED-593: En Bodega -> En Reparto
3,PED-594,En Bodega,En Reparto,PED-594: En Bodega -> En Reparto
3,PED-595,En Preparación,En Bodega,PED-595: En Preparación -> En Bodega
3,PED-596,En Bodega,En Bodega,PED-596: En Bodega -> En Bodega
3,PED-597,En Bodega,En Bodega,PED-597: En Bodega -> En Bodega
3,PED-599,En Preparación,En Bodega,PED-599: En Preparación -> En Bodega
3,PED-600,En Bodega,En Reparto,PED-600: En Bodega -> En Reparto
3,PED-601,En Bodega,En Reparto,PED-601: En Bodega -> En Reparto
3,PED-602,En Bodega,En Bodega,PED-602: En Bodega -> En Bodega
3,PED-603,En Bodega,En Reparto,PED-603: En Bodega -> En Reparto
3,PED-604,En Bodega,En Reparto,PED-604: En Bodega -> En Reparto
3,PED-605,En Bodega,En Reparto,PED-605: En Bodega -> En Reparto
3,PED-606,En Bodega,En Reparto,PED-606: En Bodega -> En Reparto
3,PED-607,En Bodega,En Reparto,PED-607: En Bodega -> En Reparto
3,PED-608,En Bodega,En Reparto,PED-608: En Bodega -> En Reparto
3,PED-609,En Bodega,En Reparto,PED-609: En Bodega -> En Reparto
3,PED-610,En Preparación,En Preparación,PED-610: En Preparación -> En Preparación
3,PED-611,En Bodega,En Reparto,PED-611: En Bodega -> En Reparto
3,PED-612,En Bodega,En Bodega,PED-612: En Bodega -> En Bodega
3,PED-614,En Bodega,En Reparto,PED-614: En Bodega -> En Reparto
3,PED-615,En Bodega,En Reparto,PED-615: En Bodega -> En Reparto
3,PED-616,En Preparación,En Bodega,PED-616: En Preparación -> En Bodega
3,PED-617,En Bodega,En Reparto,PED-617: En Bodega -> En Reparto
3,PED-618,En Bodega,En Reparto,PED-618: En Bodega -> En Reparto
3,PED-619,En Bodega,En Bodega,PED-619: En Bodega -> En Bodega
3,PED-620,En Bodega,En Reparto,PED-620: En Bodega -> En Reparto
3,PED-621,En Bodega,En Reparto,PED-621: En Bodega -> En Reparto
3,PED-622,En Bodega,En Reparto,PED-622: En Bodega -> En Reparto
3,PED-624,En Bodega,En Reparto,PED-624: En Bodega -> En Reparto
3,PED-626,En Bodega,En Reparto,PED-626: En Bodega -> En Reparto
3,PED-627,En Bodega,En Reparto,PED-627: En Bodega -> En Reparto
3,PED-629,En Bodega,En Reparto,PED-629: En Bodega -> En Reparto
3,PED-630,En Bodega,En Reparto,PED-630: En Bodega -> En Reparto
3,PED-631,En Bodega,En Reparto,PED-631: En Bodega -> En Reparto
3,PED-632,En Bodega,En Reparto,PED-632: En Bodega -> En Reparto
3,PED-633,En Bodega,En Bodega,PED-633: En Bodega -> En Bodega
3,PED-634,En Bodega,En Reparto,PED-634: En Bodega -> En Reparto
3,PED-635,En Bodega,En Reparto,PED-635: En Bodega -> En Reparto
3,PED-636,En Preparación,En Bodega,PED-636: En Preparación -> En Bodega
3,PED-637,En Bodega,En Reparto,PED-637: En Bodega -> En Reparto
3,PED-638,En Bodega,En Reparto,PED-638: En Bodega -> En Reparto
3,PED-639,En Bodega,En Reparto,PED-639: En Bodega -> En Reparto
3,PED-640,En Bodega,En Bodega,PED-640: En Bodega -> En Bodega
3,PED-641,En Bodega,En Reparto,PED-641: En Bodega -> En Reparto
3,PED-642,En Bodega,En Reparto,PED-642: En Bodega -> En Reparto
3,PED-643,En Bodega,En Reparto,PED-643: En Bodega -> En Reparto
3,PED-644,En Bodega,En Reparto,PED-644: En Bodega -> En Reparto
3,PED-645,En Bodega,En Reparto,PED-645: En Bodega -> En Reparto
3,PED-646,En Bodega,En Reparto,PED-646: En Bodega -> En Reparto
3,PED-647,En Bodega,En Reparto,PED-647: En Bodega -> En Reparto
3,PED-648,En Bodega,En Reparto,PED-648: En Bodega -> En Reparto
3,PED-649,En Bodega,En Bodega,PED-649: En Bodega -> En Bodega
3,PED-650,En Bodega,En Reparto,PED-650: En Bodega -> En Reparto
3,PED-651,En Bodega,En Reparto,PED-651: En Bodega -> En Reparto
3,PED-652,En Bodega,En Reparto,PED-652: En Bodega -> En Reparto
3,PED-653,En Bodega,En Bodega,PED-653: En Bodega -> En Bodega
3,PED-654,En Bodega,En Reparto,PED-654: En Bodega -> En Reparto
3,PED-655,En Bodega,En Reparto,PED-655: En Bodega -> En Reparto
3,PED-656,En Bodega,En Bodega,PED-656: En Bodega -> En Bodega
3,PED-657,En Preparación,En Preparación,PED-657: En Preparación -> En Preparación
3,PED-658,En Bodega,En Reparto,PED-658: En Bodega -> En Reparto
3,PED-659,En Bodega,En Reparto,PED-659: En Bodega -> En Reparto
3,PED-660,En Bodega,En Reparto,PED-660: En Bodega -> En Reparto
3,PED-661,En Bodega,En Reparto,PED-661: En Bodega -> En Reparto
3,PED-662,En Bodega,En Reparto,PED-662: En Bodega -> En Reparto
3,PED-663,En Preparación,En Preparación,PED-663: En Preparación -> En Preparación
3,PED-664,En Bodega,En Reparto,PED-664: En Bodega -> En Reparto
3,PED-665,En Bodega,En Bodega,PED-665: En Bodega -> En Bodega
3,PED-666,En Bodega,En Reparto,PED-666: En Bodega -> En Reparto
3,PED-667,En Bodega,En Reparto,PED-667: En Bodega -> En Reparto
3,PED-668,En Bodega,En Bodega,PED-668: En Bodega -> En Bodega
3,PED-670,En Bodega,En Reparto,PED-670: En Bodega -> En Reparto
3,PED-671,En Preparación,En Bodega,PED-671: En Preparación -> En Bodega
3,PED-672,En Bodega,En Reparto,PED-672: En Bodega -> En Reparto
3,PED-673,En Preparación,En Bodega,PED-673: En Preparación -> En Bodega
3,PED-674,En Bodega,En Reparto,PED-674: En Bodega -> En Reparto
3,PED-676,En Bodega,En Reparto,PED-676: En Bodega -> En Reparto
3,PED-677,En Bodega,En Reparto,PED-677: En Bodega -> En Reparto
3,PED-678,En Bodega,En Reparto,PED-678: En Bodega -> En Reparto
3,PED-679,En Bodega,En Bodega,PED-679: En Bodega -> En Bodega
3,PED-680,En Bodega,En Reparto,PED-680: En Bodega -> En Reparto
3,PED-681,En Bodega,En Reparto,PED-681: En Bodega -> En Reparto
3,PED-682,En Bodega,En Reparto,PED-682: En Bodega -> En Reparto
3,PED-683,En Bodega,En Reparto,PED-683: En Bodega -> En Reparto
3,PED-685,En Bodega,En Reparto,PED-685: En Bodega -> En Reparto
3,PED-686,En Bodega,En Reparto,PED-686: En Bodega -> En Reparto
3,PED-687,En Bodega,En Reparto,PED-687: En Bodega -> En Reparto
3,PED-688,En Bodega,En Bodega,PED-688: En Bodega -> En Bodega
3,PED-689,En Bodega,En Reparto,PED-689: En Bodega -> En Reparto
3,PED-690,En Bodega,En Reparto,PED-690: En Bodega -> En Reparto
3,PED-691,En Bodega,En Bodega,PED-691: En Bodega -> En Bodega
3,PED-692,En Bodega,En Reparto,PED-692: En Bodega -> En Reparto
3,PED-693,En Bodega,En Reparto,PED-693: En Bodega -> En Reparto
3,PED-694,En Bodega,En Reparto,PED-694: En Bodega -> En Reparto
3,PED-695,En Bodega,En Reparto,PED-695: En Bodega -> En Reparto
3,PED-696,En Bodega,En Reparto,PED-696: En Bodega -> En Reparto
3,PED-697,En Bodega,En Reparto,PED-697: En Bodega -> En Reparto
3,PED-698,En Bodega,En Bodega,PED-698: En Bodega -> En Bodega
3,PED-699,En Bodega,En Reparto,PED-699: En Bodega -> En Reparto
3,PED-700,En Bodega,En Reparto,PED-700: En Bodega -> En Reparto
3,PED-701,En Bodega,En Reparto,PED-701: En Bodega -> En Reparto
3,PED-702,En Bodega,En Reparto,PED-702: En Bodega -> En Reparto
3,PED-703,En Bodega,En Bodega,PED-703: En Bodega -> En Bodega
3,PED-705,En Bodega,En Reparto,PED-705: En Bodega -> En Reparto
3,PED-706,En Bodega,En Reparto,PED-706: En Bodega -> En Reparto
3,PED-707,En Bodega,En Reparto,PED-707: En Bodega -> En Reparto
3,PED-708,En Bodega,En Reparto,PED-708: En Bodega -> En Reparto
3,PED-709,En Bodega,En Reparto,PED-709: En Bodega -> En Reparto
3,PED-710,En Bodega,En Reparto,PED-710: En Bodega -> En Reparto
3,PED-711,En Bodega,En Reparto,PED-711: En Bodega -> En Reparto
3,PED-712,En Bodega,En Bodega,PED-712: En Bodega -> En Bodega
3,PED-713,En Bodega,En Reparto,PED-713: En Bodega -> En Reparto
3,PED-714,En Bodega,En Reparto,PED-714: En Bodega -> En Reparto
3,PED-715,En Bodega,En Bodega,PED-715: En Bodega -> En Bodega
3,PED-716,En Bodega,En Reparto,PED-716: En Bodega -> En Reparto
3,PED-717,En Bodega,En Reparto,PED-717: En Bodega -> En Reparto
3,PED-718,En Bodega,En Reparto,PED-718: En Bodega -> En Reparto
3,PED-719,En Bodega,En Reparto,PED-719: En Bodega -> En Reparto
3,PED-720,En Bodega,En Reparto,PED-720: En Bodega -> En Reparto
3,PED-721,En Bodega,En Reparto,PED-721: En Bodega -> En Reparto
3,PED-722,En Bodega,En Reparto,PED-722: En Bodega -> En Reparto
3,PED-723,En Bodega,En Reparto,PED-723: En Bodega -> En Reparto
3,PED-724,En Bodega,En Bodega,PED-724: En Bodega -> En Bodega
3,PED-725,En Bodega,En Reparto,PED-725: En Bodega -> En Reparto
3,PED-726,En Bodega,En Bodega,PED-726: En Bodega -> En Bodega
3,PED-727,En Bodega,En Bodega,PED-727: En Bodega -> En Bodega
3,PED-728,En Bodega,En Reparto,PED-728: En Bodega -> En Reparto
3,PED-729,En Bodega,En Reparto,PED-729: En Bodega -> En Reparto
3,PED-730,En Bodega,En Bodega,PED-730: En Bodega -> En Bodega
3,PED-731,En Bodega,En Reparto,PED-731: En Bodega -> En Reparto
3,PED-732,En Bodega,En Reparto,PED-732: En Bodega -> En Reparto
3,PED-733,En Bodega,En Bodega,PED-733: En Bodega -> En Bodega
3,PED-734,En Bodega,En Reparto,PED-734: En Bodega -> En Reparto
3,PED-735,En Bodega,En Reparto,PED-735: En Bodega -> En Reparto
3,PED-736,En Bodega,En Reparto,PED-736: En Bodega -> En Reparto
3,PED-738,En Preparación,En Bodega,PED-738: En Preparación -> En Bodega
3,PED-739,En Bodega,En Bodega,PED-739: En Bodega -> En Bodega
3,PED-741,En Bodega,En Reparto,PED-741: En Bodega -> En Reparto
3,PED-742,En Preparación,En Bodega,PED-742: En Preparación -> En Bodega
3,PED-743,En Bodega,En Reparto,PED-743: En Bodega -> En Reparto
3,PED-744,En Bodega,En Reparto,PED-744: En Bodega -> En Reparto
3,PED-745,En Bodega,En Bodega,PED-745: En Bodega -> En Bodega
3,PED-746,En Bodega,En Reparto,PED-746: En Bodega -> En Reparto
3,PED-748,En Bodega,En Reparto,PED-748: En Bodega -> En Reparto
3,PED-749,En Preparación,En Bodega,PED-749: En Preparación -> En Bodega
3,PED-750,En Preparación,En Bodega,PED-750: En Preparación -> En Bodega
3,PED-751,En Bodega,En Reparto,PED-751: En Bodega -> En Reparto
3,PED-752,En Bodega,En Reparto,PED-752: En Bodega -> En Reparto
3,PED-753,En Bodega,En Reparto,PED-753: En Bodega -> En Reparto
3,PED-754,En Bodega,En Bodega,PED-754: En Bodega -> En Bodega
3,PED-755,En Bodega,En Reparto,PED-755: En Bodega -> En Reparto
3,PED-756,En Bodega,En Reparto,PED-756: En Bodega -> En Reparto
3,PED-757,En Bodega,En Reparto,PED-757: En Bodega -> En Reparto
3,PED-758,En Bodega,En Reparto,PED-758: En Bodega -> En Reparto
3,PED-759,En Bodega,En Reparto,PED-759: En Bodega -> En Reparto
3,PED-760,En Bodega,En Reparto,PED-760: En Bodega -> En Reparto
3,PED-761,En Bodega,En Reparto,PED-761: En Bodega -> En Reparto
3,PED-762,En Preparación,En Preparación,PED-762: En Preparación -> En Preparación
3,PED-763,En Bodega,En Reparto,PED-763: En Bodega -> En Reparto
3,PED-764,En Bodega,En Bodega,PED-764: En Bodega -> En Bodega
3,PED-765,En Preparación,En Bodega,PED-765: En Preparación -> En Bodega
3,PED-767,En Bodega,En Reparto,PED-767: En Bodega -> En Reparto
3,PED-768,En Bodega,En Reparto,PED-768: En Bodega -> En Reparto
3,PED-769,En Bodega,En Reparto,PED-769: En Bodega -> En Reparto
3,PED-771,En Bodega,En Reparto,PED-771: En Bodega -> En Reparto
3,PED-772,En Bodega,En Reparto,PED-772: En Bodega -> En Reparto
3,PED-773,En Bodega,En Reparto,PED-773: En Bodega -> En Reparto
3,PED-774,En Preparación,En Bodega,PED-774: En Preparación -> En Bodega
3,PED-777,En Bodega,En Reparto,PED-777: En Bodega -> En Reparto
3,PED-778,En Bodega,En Reparto,PED-778: En Bodega -> En Reparto
3,PED-779,En Bodega,En Reparto,PED-779: En Bodega -> En Reparto
3,PED-780,En Bodega,En Reparto,PED-780: En Bodega -> En Reparto
3,PED-781,En Bodega,En Bodega,PED-781: En Bodega -> En Bodega
3,PED-782,En Bodega,En Reparto,PED-782: En Bodega -> En Reparto
3,PED-783,En Bodega,En Reparto,PED-783: En Bodega -> En Reparto
3,PED-784,En Bodega,En Reparto,PED-784: En Bodega -> En Reparto
3,PED-785,En Bodega,En Reparto,PED-785: En Bodega -> En Reparto
3,PED-788,En Bodega,En Bodega,PED-788: En Bodega -> En Bodega
3,PED-789,En Bodega,En Reparto,PED-789: En Bodega -> En Reparto
3,PED-790,En Bodega,En Reparto,PED-790: En Bodega -> En Reparto
3,PED-791,En Preparación,En Preparación,PED-791: En Preparación -> En Preparación
3,PED-792,En Bodega,En Reparto,PED-792: En Bodega -> En Reparto
3,PED-793,En Bodega,En Reparto,PED-793: En Bodega -> En Reparto
3,PED-794,En Bodega,En Reparto,PED-794: En Bodega -> En Reparto
3,PED-795,En Bodega,En Reparto,PED-795: En Bodega -> En Reparto
3,PED-797,En Bodega,En Reparto,PED-797: En Bodega -> En Reparto
3,PED-798,En Bodega,En Reparto,PED-798: En Bodega -> En Reparto
3,PED-799,En Bodega,En Reparto,PED-799: En Bodega -> En Reparto
3,PED-800,En Bodega,En Reparto,PED-800: En Bodega -> En Reparto
3,PED-802,En Bodega,En Bodega,PED-802: En Bodega -> En Bodega
3,PED-803,En Bodega,En Reparto,PED-803: En Bodega -> En Reparto
3,PED-804,En Preparación,En Bodega,PED-804: En Preparación -> En Bodega
3,PED-805,En Bodega,En Bodega,PED-805: En Bodega -> En Bodega
3,PED-807,En Bodega,En Reparto,PED-807: En Bodega -> En Reparto
3,PED-808,En Bodega,En Reparto,PED-808: En Bodega -> En Reparto
3,PED-809,En Bodega,En Bodega,PED-809: En Bodega -> En Bodega
3,PED-810,En Bodega,En Bodega,PED-810: En Bodega -> En Bodega
3,PED-811,En Bodega,En Bodega,PED-811: En Bodega -> En Bodega
3,PED-812,En Bodega,En Bodega,PED-812: En Bodega -> En Bodega
3,PED-813,En Bodega,En Reparto,PED-813: En Bodega -> En Reparto
3,PED-814,En Bodega,En Reparto,PED-814: En Bodega -> En Reparto
3,PED-816,En Bodega,En Reparto,PED-816: En Bodega -> En Reparto
3,PED-817,En Bodega,En Reparto,PED-817: En Bodega -> En Reparto
3,PED-818,En Bodega,En Reparto,PED-818: En Bodega -> En Reparto
3,PED-819,En Bodega,En Reparto,PED-819: En Bodega -> En Reparto
3,PED-820,En Bodega,En Reparto,PED-820: En Bodega -> En Reparto
3,PED-821,En Bodega,En Reparto,PED-821: En Bodega -> En Reparto
3,PED-824,En Bodega,En Reparto,PED-824: En Bodega -> En Reparto
3,PED-825,En Preparación,En Preparación,PED-825: En Preparación -> En Preparación
3,PED-826,En Bodega,En Reparto,PED-826: En Bodega -> En Reparto
3,PED-827,En Bodega,En Reparto,PED-827: En Bodega -> En Reparto
3,PED-829,En Bodega,En Reparto,PED-829: En Bodega -> En Reparto
3,PED-830,En Bodega,En Reparto,PED-830: En Bodega -> En Reparto
3,PED-833,En Bodega,En Reparto,PED-833: En Bodega -> En Reparto
3,PED-834,En Bodega,En Reparto,PED-834: En Bodega -> En Reparto
3,PED-835,En Bodega,En Bodega,PED-835: En Bodega -> En Bodega
3,PED-836,En Bodega,En Reparto,PED-836: En Bodega -> En Reparto
3,PED-837,En Bodega,En Bodega,PED-837: En Bodega -> En Bodega
3,PED-838,En Bodega,En Reparto,PED-838: En Bodega -> En Reparto
3,PED-839,En Bodega,En Reparto,PED-839: En Bodega -> En Reparto
3,PED-840,En Bodega,En Reparto,PED-840: En Bodega -> En Reparto
3,PED-841,En Bodega,En Reparto,PED-841: En Bodega -> En Reparto
3,PED-842,En Bodega,En Reparto,PED-842: En Bodega -> En Reparto
3,PED-843,En Bodega,En Reparto,PED-843: En Bodega -> En Reparto
3,PED-844,En Bodega,En Reparto,PED-844: En Bodega -> En Reparto
3,PED-845,En Bodega,En Reparto,PED-845: En Bodega -> En Reparto
3,PED-846,En Bodega,En Reparto,PED-846: En Bodega -> En Reparto
3,PED-847,En Preparación,En Bodega,PED-847: En Preparación -> En Bodega
3,PED-848,En Bodega,En Bodega,PED-848: En Bodega -> En Bodega
3,PED-849,En Bodega,En Reparto,PED-849: En Bodega -> En Reparto
3,PED-850,En Preparación,En Bodega,PED-850: En Preparación -> En Bodega
3,PED-851,En Bodega,En Reparto,PED-851: En Bodega -> En Reparto
3,PED-854,En Bodega,En Reparto,PED-854: En Bodega -> En Reparto
3,PED-855,En Bodega,En Reparto,PED-855: En Bodega -> En Reparto
3,PED-856,En Bodega,En Reparto,PED-856: En Bodega -> En Reparto
3,PED-857,En Bodega,En Reparto,PED-857: En Bodega -> En Reparto
3,PED-858,En Bodega,En Reparto,PED-858: En Bodega -> En Reparto
3,PED-860,En Bodega,En Reparto,PED-860: En Bodega -> En Reparto
3,PED-861,En Bodega,En Reparto,PED-861: En Bodega -> En Reparto
3,PED-862,En Bodega,En Reparto,PED-862: En Bodega -> En Reparto
3,PED-863,En Bodega,En Reparto,PED-863: En Bodega -> En Reparto
3,PED-864,En Bodega,En Reparto,PED-864: En Bodega -> En Reparto
3,PED-866,En Bodega,En Reparto,PED-866: En Bodega -> En Reparto
3,PED-867,En Preparación,En Bodega,PED-867: En Preparación -> En Bodega
3,PED-868,En Bodega,En Reparto,PED-868: En Bodega -> En Reparto
3,PED-869,En Bodega,En Reparto,PED-869: En Bodega -> En Reparto
3,PED-870,En Bodega,En Reparto,PED-870: En Bodega -> En Reparto
3,PED-872,En Bodega,En Reparto,PED-872: En Bodega -> En Reparto
3,PED-873,En Bodega,En Reparto,PED-873: En Bodega -> En Reparto
3,PED-874,En Bodega,En Reparto,PED-874: En Bodega -> En Reparto
3,PED-875,En Bodega,En Reparto,PED-875: En Bodega -> En Reparto
3,PED-876,En Bodega,En Bodega,PED-876: En Bodega -> En Bodega
3,PED-878,En Bodega,En Reparto,PED-878: En Bodega -> En Reparto
3,PED-879,En Bodega,En Reparto,PED-879: En Bodega -> En Reparto
3,PED-880,En Bodega,En Reparto,PED-880: En Bodega -> En Reparto
3,PED-881,En Bodega,En Reparto,PED-881: En Bodega -> En Reparto
3,PED-882,En Bodega,En Reparto,PED-882: En Bodega -> En Reparto
3,PED-883,En Bodega,En Reparto,PED-883: En Bodega -> En Reparto
3,PED-884,En Bodega,En Reparto,PED-884: En Bodega -> En Reparto
3,PED-885,En Bodega,En Reparto,PED-885: En Bodega -> En Reparto
3,PED-886,En Bodega,En Reparto,PED-886: En Bodega -> En Reparto
3,PED-887,En Bodega,En Reparto,PED-887: En Bodega -> En Reparto
3,PED-888,En Bodega,En Reparto,PED-888: En Bodega -> En Reparto
3,PED-889,En Bodega,En Reparto,PED-889: En Bodega -> En Reparto
3,PED-890,En Bodega,En Reparto,PED-890: En Bodega -> En Reparto
3,PED-891,En Bodega,En Reparto,PED-891: En Bodega -> En Reparto
3,PED-892,En Bodega,En Reparto,PED-892: En Bodega -> En Reparto
3,PED-893,En Bodega,En Reparto,PED-893: En Bodega -> En Reparto
3,PED-894,En Bodega,En Reparto,PED-894: En Bodega -> En Reparto
3,PED-895,En Bodega,En Reparto,PED-895: En Bodega -> En Reparto
3,PED-896,En Bodega,En Reparto,PED-896: En Bodega -> En Reparto
3,PED-897,En Bodega,En Reparto,PED-897: En Bodega -> En Reparto
3,PED-898,En Bodega,En Reparto,PED-898: En Bodega -> En Reparto
3,PED-899,En Preparación,En Bodega,PED-899: En Preparación -> En Bodega
3,PED-900,En Bodega,En Bodega,PED-900: En Bodega -> En Bodega
3,PED-901,En Bodega,En Reparto,PED-901: En Bodega -> En Reparto
3,PED-902,En Bodega,En Reparto,PED-902: En Bodega -> En Reparto
3,PED-903,En Preparación,En Bodega,PED-903: En Preparación -> En Bodega
3,PED-904,En Bodega,En Reparto,PED-904: En Bodega -> En Reparto
3,PED-906,En Preparación,En Bodega,PED-906: En Preparación -> En Bodega
3,PED-907,En Bodega,En Reparto,PED-907: En Bodega -> En Reparto
3,PED-908,En Preparación,En Bodega,PED-908: En Preparación -> En Bodega
3,PED-909,En Preparación,En Bodega,PED-909: En Preparación -> En Bodega
3,PED-911,En Bodega,En Reparto,PED-911: En Bodega -> En Reparto
3,PED-912,En Bodega,En Reparto,PED-912: En Bodega -> En Reparto
3,PED-913,En Bodega,En Reparto,PED-913: En Bodega -> En Reparto
3,PED-914,En Bodega,En Reparto,PED-914: En Bodega -> En Reparto
3,PED-915,En Bodega,En Reparto,PED-915: En Bodega -> En Reparto
3,PED-916,En Bodega,En Reparto,PED-916: En Bodega -> En Reparto
3,PED-917,En Bodega,En Reparto,PED-917: En Bodega -> En Reparto
3,PED-918,En Bodega,En Reparto,PED-918: En Bodega -> En Reparto
3,PED-919,En Bodega,En Reparto,PED-919: En Bodega -> En Reparto
3,PED-920,En Bodega,En Bodega,PED-920: En Bodega -> En Bodega
3,PED-921,En Bodega,En Reparto,PED-921: En Bodega -> En Reparto
3,PED-923,En Bodega,En Reparto,PED-923: En Bodega -> En Reparto
3,PED-924,En Preparación,En Bodega,PED-924: En Preparación -> En Bodega
3,PED-925,En Bodega,En Reparto,PED-925: En Bodega -> En Reparto
3,PED-926,En Bodega,En Reparto,PED-926: En Bodega -> En Reparto
3,PED-927,En Bodega,En Reparto,PED-927: En Bodega -> En Reparto
3,PED-928,En Bodega,En Reparto,PED-928: En Bodega -> En Reparto
3,PED-929,En Bodega,En Reparto,PED-929: En Bodega -> En Reparto
3,PED-930,En Bodega,En Bodega,PED-930: En Bodega -> En Bodega
3,PED-931,En Bodega,En Reparto,PED-931: En Bodega -> En Reparto
3,PED-932,En Bodega,En Reparto,PED-932: En Bodega -> En Reparto
3,PED-933,En Bodega,En Reparto,PED-933: En Bodega -> En Reparto
3,PED-934,En Bodega,En Reparto,PED-934: En Bodega -> En Reparto
3,PED-935,En Bodega,En Reparto,PED-935: En Bodega -> En Reparto
3,PED-936,En Bodega,En Reparto,PED-936: En Bodega -> En Reparto
3,PED-937,En Bodega,En Reparto,PED-937: En Bodega -> En Reparto
3,PED-939,En Bodega,En Reparto,PED-939: En Bodega -> En Reparto
3,PED-940,En Bodega,En Reparto,PED-940: En Bodega -> En Reparto
3,PED-941,En Preparación,En Bodega,PED-941: En Preparación -> En Bodega
3,PED-942,En Bodega,En Reparto,PED-942: En Bodega -> En Reparto
3,PED-943,En Bodega,En Reparto,PED-943: En Bodega -> En Reparto
3,PED-945,En Bodega,En Reparto,PED-945: En Bodega -> En Reparto
3,PED-946,En Bodega,En Reparto,PED-946: En Bodega -> En Reparto
3,PED-947,En Bodega,En Reparto,PED-947: En Bodega -> En Reparto
3,PED-948,En Bodega,En Reparto,PED-948: En Bodega -> En Reparto
3,PED-949,En Bodega,En Reparto,PED-949: En Bodega -> En Reparto
3,PED-950,En Bodega,En Reparto,PED-950: En Bodega -> En Reparto
3,PED-951,En Bodega,En Reparto,PED-951: En Bodega -> En Reparto
3,PED-952,En Bodega,En Reparto,PED-952: En Bodega -> En Reparto
3,PED-953,En Bodega,En Reparto,PED-953: En Bodega -> En Reparto
3,PED-954,En Bodega,En Reparto,PED-954: En Bodega -> En Reparto
3,PED-955,En Bodega,En Bodega,PED-955: En Bodega -> En Bodega
3,PED-956,En Bodega,En Reparto,PED-956: En Bodega -> En Reparto
3,PED-957,En Preparación,En Bodega,PED-957: En Preparación -> En Bodega
3,PED-958,En Bodega,En Reparto,PED-958: En Bodega -> En Reparto
3,PED-959,En Bodega,En Reparto,PED-959: En Bodega -> En Reparto
3,PED-960,En Bodega,En Reparto,PED-960: En Bodega -> En Reparto
3,PED-961,En Bodega,En Bodega,PED-961: En Bodega -> En Bodega
3,PED-962,En Bodega,En Reparto,PED-962: En Bodega -> En Reparto
3,PED-963,En Preparación,En Bodega,PED-963: En Preparación -> En Bodega
3,PED-964,En Bodega,En Reparto,PED-964: En Bodega -> En Reparto
3,PED-965,En Bodega,En Reparto,PED-965: En Bodega -> En Reparto
3,PED-966,En Bodega,En Reparto,PED-966: En Bodega -> En Reparto
3,PED-968,En Bodega,En Reparto,PED-968: En Bodega -> En Reparto
3,PED-970,En Bodega,En Bodega,PED-970: En Bodega -> En Bodega
3,PED-971,En Bodega,En Reparto,PED-971: En Bodega -> En Reparto
3,PED-972,En Bodega,En Reparto,PED-972: En Bodega -> En Reparto
3,PED-973,En Bodega,En Bodega,PED-973: En Bodega -> En Bodega
3,PED-974,En Bodega,En Reparto,PED-974: En Bodega -> En Reparto
3,PED-975,En Bodega,En Reparto,PED-975: En Bodega -> En Reparto
3,PED-976,En Bodega,En Reparto,PED-976: En Bodega -> En Reparto
3,PED-977,En Preparación,En Bodega,PED-977: En Preparación -> En Bodega
3,PED-978,En Bodega,En Reparto,PED-978: En Bodega -> En Reparto
3,PED-979,En Bodega,En Reparto,PED-979: En Bodega -> En Reparto
3,PED-980,En Bodega,En Reparto,PED-980: En Bodega -> En Reparto
3,PED-981,En Bodega,En Reparto,PED-981: En Bodega -> En Reparto
3,PED-982,En Bodega,En Reparto,PED-982: En Bodega -> En Reparto
3,PED-983,En Bodega,En Reparto,PED-983: En Bodega -> En Reparto
3,PED-984,En Bodega,En Reparto,PED-984: En Bodega -> En Reparto
3,PED-985,En Bodega,En Reparto,PED-985: En Bodega -> En Reparto
3,PED-986,En Bodega,En Reparto,PED-986: En Bodega -> En Reparto
3,PED-987,En Bodega,En Reparto,PED-987: En Bodega -> En Reparto
3,PED-989,En Bodega,En Reparto,PED-989: En Bodega -> En Reparto
3,PED-990,En Bodega,En Reparto,PED-990: En Bodega -> En Reparto
3,PED-991,En Bodega,En Reparto,PED-991: En Bodega -> En Reparto
3,PED-992,En Bodega,En Reparto,PED-992: En Bodega -> En Reparto
3,PED-993,En Bodega,En Reparto,PED-993: En Bodega -> En Reparto
3,PED-994,En Bodega,En Reparto,PED-994: En Bodega -> En Reparto
3,PED-995,En Bodega,En Reparto,PED-995: En Bodega -> En Reparto
3,PED-996,En Bodega,En Reparto,PED-996: En Bodega -> En Reparto
3,PED-997,En Bodega,En Bodega,PED-997: En Bodega -> En Bodega
3,PED-998,En Bodega,En Reparto,PED-998: En Bodega -> En Reparto
3,PED-999,En Bodega,En Reparto,PED-999: En Bodega -> En Reparto
3,PED-1000,En Bodega,En Reparto,PED-1000: En Bodega -> En Reparto
4,PED-002,En Reparto,Entregado,PED-002: En Reparto -> Entregado
4,PED-003,En Reparto,Entrega Fallida,PED-003: En Reparto -> Entrega Fallida
4,PED-005,En Reparto,Entregado,PED-005: En Reparto -> Entregado
4,PED-006,En Reparto,Entregado,PED-006: En Reparto -> Entregado
4,PED-007,En Bodega,En Reparto,PED-007: En Bodega -> En Reparto
4,PED-008,En Bodega,En Reparto,PED-008: En Bodega -> En Reparto
4,PED-009,En Bodega,En Reparto,PED-009: En Bodega -> En Reparto
4,PED-010,En Reparto,Entrega Fallida,PED-010: En Reparto -> Entrega Fallida
4,PED-012,En Bodega,En Reparto,PED-012: En Bodega -> En Reparto
4,PED-014,En Reparto,Entrega Fallida,PED-014: En Reparto -> Entrega Fallida
4,PED-015,En Reparto,Entregado,PED-015: En Reparto -> Entregado
4,PED-016,En Reparto,Entrega Fallida,PED-016: En Reparto -> Entrega Fallida
4,PED-017,En Reparto,Entregado,PED-017: En Reparto -> Entregado
4,PED-018,En Reparto,Entregado,PED-018: En Reparto -> Entregado
4,PED-019,En Reparto,Entrega Fallida,PED-019: En Reparto -> Entrega Fallida
4,PED-020,En Reparto,Entregado,PED-020: En Reparto -> Entregado
4,PED-021,En Reparto,Entregado,PED-021: En Reparto -> Entregado
4,PED-023,En Reparto,Entregado,PED-023: En Reparto -> Entregado
4,PED-026,En Reparto,Entregado,PED-026: En Reparto -> Entregado
4,PED-027,En Reparto,Entrega Fallida,PED-027: En Reparto -> Entrega Fallida
4,PED-028,En Reparto,Entrega Fallida,PED-028: En Reparto -> Entrega Fallida
4,PED-029,En Reparto,Entregado,PED-029: En Reparto -> Entregado
4,PED-030,En Reparto,Entregado,PED-030: En Reparto -> Entregado
4,PED-031,En Reparto,Entregado,PED-031: En Reparto -> Entregado
4,PED-032,En Reparto,Entregado,PED-032: En Reparto -> Entregado
4,PED-033,En Reparto,Entregado,PED-033: En Reparto -> Entregado
4,PED-034,En Reparto,Entregado,PED-034: En Reparto -> Entregado
4,PED-035,En Bodega,En Reparto,PED-035: En Bodega -> En Reparto
4,PED-036,En Reparto,Entregado,PED-036: En Reparto -> Entregado
4,PED-037,En Reparto,Entrega Fallida,PED-037: En Reparto -> Entrega Fallida
4,PED-038,En Bodega,En Reparto,PED-038: En Bodega -> En Reparto
4,PED-039,En Reparto,Entregado,PED-039: En Reparto -> Entregado
4,PED-040,En Reparto,Entregado,PED-040: En Reparto -> Entregado
4,PED-042,En Bodega,En Bodega,PED-042: En Bodega -> En Bodega
4,PED-043,En Reparto,Entrega Fallida,PED-043: En Reparto -> Entrega Fallida
4,PED-044,En Reparto,Entregado,PED-044: En Reparto -> Entregado
4,PED-045,En Reparto,Entregado,PED-045: En Reparto -> Entregado
4,PED-046,En Reparto,Entregado,PED-046: En Reparto -> Entregado
4,PED-047,En Bodega,En Reparto,PED-047: En Bodega -> En Reparto
4,PED-048,En Bodega,En Reparto,PED-048: En Bodega -> En Reparto
4,PED-049,En Reparto,Entregado,PED-049: En Reparto -> Entregado
4,PED-050,En Reparto,Entregado,PED-050: En Reparto -> Entregado
4,PED-051,En Reparto,Entregado,PED-051: En Reparto -> Entregado
4,PED-052,En Reparto,Entregado,PED-052: En Reparto -> Entregado
4,PED-053,En Reparto,Entregado,PED-053: En Reparto -> Entregado
4,PED-054,En Reparto,Entregado,PED-054: En Reparto -> Entregado
4,PED-056,En Reparto,Entregado,PED-056: En Reparto -> Entregado
4,PED-057,En Reparto,Entregado,PED-057: En Reparto -> Entregado
4,PED-058,En Reparto,Entregado,PED-058: En Reparto -> Entregado
4,PED-059,En Bodega,En Reparto,PED-059: En Bodega -> En Reparto
4,PED-060,En Reparto,Entregado,PED-060: En Reparto -> Entregado
4,PED-061,En Reparto,Entrega Fallida,PED-061: En Reparto -> Entrega Fallida
4,PED-062,En Reparto,Entregado,PED-062: En Reparto -> Entregado
4,PED-063,En Reparto,Entregado,PED-063: En Reparto -> Entregado
4,PED-064,En Reparto,Entregado,PED-064: En Reparto -> Entregado
4,PED-065,En Reparto,Entregado,PED-065: En Reparto -> Entregado
4,PED-066,En Reparto,Entregado,PED-066: En Reparto -> Entregado
4,PED-067,En Reparto,Entregado,PED-067: En Reparto -> Entregado
4,PED-068,En Reparto,Entregado,PED-068: En Reparto -> Entregado
4,PED-069,En Bodega,En Reparto,PED-069: En Bodega -> En Reparto
4,PED-070,En Bodega,En Reparto,PED-070: En Bodega -> En Reparto
4,PED-071,En Reparto,Entregado,PED-071: En Reparto -> Entregado
4,PED-072,En Reparto,Entregado,PED-072: En Reparto -> Entregado
4,PED-073,En Reparto,Entregado,PED-073: En Reparto -> Entregado
4,PED-075,En Reparto,Entregado,PED-075: En Reparto -> Entregado
4,PED-077,En Reparto,Entregado,PED-077: En Reparto -> Entregado
4,PED-078,En Reparto,Entregado,PED-078: En Reparto -> Entregado
4,PED-079,En Reparto,Entregado,PED-079: En Reparto -> Entregado
4,PED-080,En Reparto,Entregado,PED-080: En Reparto -> Entregado
4,PED-081,En Bodega,En Reparto,PED-081: En Bodega -> En Reparto
4,PED-082,En Bodega,En Reparto,PED-082: En Bodega -> En Reparto
4,PED-083,En Reparto,Entregado,PED-083: En Reparto -> Entregado
4,PED-084,En Reparto,Entregado,PED-084: En Reparto -> Entregado
4,PED-085,En Reparto,Entregado,PED-085: En Reparto -> Entregado
4,PED-086,En Reparto,Entregado,PED-086: En Reparto -> Entregado
4,PED-087,En Reparto,Entregado,PED-087: En Reparto -> Entregado
4,PED-088,En Reparto,Entregado,PED-088: En Reparto -> Entregado
4,PED-089,En Reparto,Entregado,PED-089: En Reparto -> Entregado
4,PED-090,En Reparto,Entregado,PED-090: En Reparto -> Entregado
4,PED-091,En Bodega,En Reparto,PED-091: En Bodega -> En Reparto
4,PED-092,En Bodega,En Reparto,PED-092: En Bodega -> En Reparto
4,PED-093,En Reparto,Entregado,PED-093: En Reparto -> Entregado
4,PED-094,En Reparto,Entregado,PED-094: En Reparto -> Entregado
4,PED-095,En Bodega,En Reparto,PED-095: En Bodega -> En Reparto
4,PED-096,En Reparto,Entregado,PED-096: En Reparto -> Entregado
4,PED-097,En Reparto,Entrega Fallida,PED-097: En Reparto -> Entrega Fallida
4,PED-098,En Reparto,Entregado,PED-098: En Reparto -> Entregado
4,PED-099,En Reparto,Entregado,PED-099: En Reparto -> Entregado
4,PED-100,En Reparto,Entrega Fallida,PED-100: En Reparto -> Entrega Fallida
4,PED-101,En Reparto,Entregado,PED-101: En Reparto -> Entregado
4,PED-102,En Reparto,Entregado,PED-102: En Reparto -> Entregado
4,PED-103,En Reparto,Entregado,PED-103: En Reparto -> Entregado
4,PED-104,En Reparto,Entregado,PED-104: En Reparto -> Entregado
4,PED-105,En Bodega,En Reparto,PED-105: En Bodega -> En Reparto
4,PED-106,En Reparto,Entregado,PED-106: En Reparto -> Entregado
4,PED-108,En Reparto,Entregado,PED-108: En Reparto -> Entregado
4,PED-109,En Reparto,Entregado,PED-109: En Reparto -> Entregado
4,PED-110,En Reparto,Entregado,PED-110: En Reparto -> Entregado
4,PED-111,En Bodega,En Reparto,PED-111: En Bodega -> En Reparto
4,PED-112,En Bodega,En Reparto,PED-112: En Bodega -> En Reparto
4,PED-113,En Bodega,En Reparto,PED-113: En Bodega -> En Reparto
4,PED-116,En Reparto,Entregado,PED-116: En Reparto -> Entregado
4,PED-118,En Reparto,Entregado,PED-118: En Reparto -> Entregado
4,PED-119,En Reparto,Entregado,PED-119: En Reparto -> Entregado
4,PED-120,En Bodega,En Reparto,PED-120: En Bodega -> En Reparto
4,PED-121,En Bodega,En Reparto,PED-121: En Bodega -> En Reparto
4,PED-122,En Reparto,Entregado,PED-122: En Reparto -> Entregado
4,PED-123,En Reparto,Entregado,PED-123: En Reparto -> Entregado
4,PED-124,En Reparto,Entrega Fallida,PED-124: En Reparto -> Entrega Fallida
4,PED-125,En Reparto,Entregado,PED-125: En Reparto -> Entregado
4,PED-126,En Bodega,En Reparto,PED-126: En Bodega -> En Reparto
4,PED-127,En Reparto,Entregado,PED-127: En Reparto -> Entregado
4,PED-129,En Reparto,Entregado,PED-129: En Reparto -> Entregado
4,PED-130,En Reparto,Entregado,PED-130: En Reparto -> Entregado
4,PED-131,En Reparto,Entregado,PED-131: En Reparto -> Entregado
4,PED-132,En Reparto,Entregado,PED-132: En Reparto -> Entregado
4,PED-133,En Reparto,Entregado,PED-133: En Reparto -> Entregado
4,PED-134,En Bodega,En Reparto,PED-134: En Bodega -> En Reparto
4,PED-135,En Reparto,Entrega Fallida,PED-135: En Reparto -> Entrega Fallida
4,PED-136,En Reparto,Entregado,PED-136: En Reparto -> Entregado
4,PED-137,En Bodega,En Reparto,PED-137: En Bodega -> En Reparto
4,PED-139,En Reparto,Entregado,PED-139: En Reparto -> Entregado
4,PED-140,En Bodega,En Reparto,PED-140: En Bodega -> En Reparto
4,PED-141,En Reparto,Entregado,PED-141: En Reparto -> Entregado
4,PED-142,En Reparto,Entregado,PED-142: En Reparto -> Entregado
4,PED-143,En Reparto,Entregado,PED-143: En Reparto -> Entregado
4,PED-144,En Bodega,En Reparto,PED-144: En Bodega -> En Reparto
4,PED-145,En Reparto,Entregado,PED-145: En Reparto -> Entregado
4,PED-146,En Reparto,Entregado,PED-146: En Reparto -> Entregado
4,PED-147,En Reparto,Entregado,PED-147: En Reparto -> Entregado
4,PED-148,En Reparto,Entrega Fallida,PED-148: En Reparto -> Entrega Fallida
4,PED-149,En Reparto,Entrega Fallida,PED-149: En Reparto -> Entrega Fallida
4,PED-150,En Bodega,En Reparto,PED-150: En Bodega -> En Reparto
4,PED-151,En Reparto,Entregado,PED-151: En Reparto -> Entregado
4,PED-152,En Reparto,Entregado,PED-152: En Reparto -> Entregado
4,PED-153,En Reparto,Entregado,PED-153: En Reparto -> Entregado
4,PED-154,En Reparto,Entregado,PED-154: En Reparto -> Entregado
4,PED-155,En Bodega,En Bodega,PED-155: En Bodega -> En Bodega
4,PED-156,En Reparto,Entregado,PED-156: En Reparto -> Entregado
4,PED-158,En Reparto,Entregado,PED-158: En Reparto -> Entregado
4,PED-159,En Reparto,Entrega Fallida,PED-159: En Reparto -> Entrega Fallida
4,PED-160,En Reparto,Entregado,PED-160: En Reparto -> Entregado
4,PED-161,En Reparto,Entregado,PED-161: En Reparto -> Entregado
4,PED-162,En Reparto,Entregado,PED-162: En Reparto -> Entregado
4,PED-164,En Reparto,Entrega Fallida,PED-164: En Reparto -> Entrega Fallida
4,PED-166,En Reparto,Entregado,PED-166: En Reparto -> Entregado
4,PED-167,En Reparto,Entregado,PED-167: En Reparto -> Entregado
4,PED-168,En Reparto,Entregado,PED-168: En Reparto -> Entregado
4,PED-169,En Reparto,Entrega Fallida,PED-169: En Reparto -> Entrega Fallida
4,PED-170,En Reparto,Entregado,PED-170: En Reparto -> Entregado
4,PED-171,En Reparto,Entregado,PED-171: En Reparto -> Entregado
4,PED-172,En Bodega,En Reparto,PED-172: En Bodega -> En Reparto
4,PED-173,En Reparto,Entregado,PED-173: En Reparto -> Entregado
4,PED-174,En Reparto,Entregado,PED-174: En Reparto -> Entregado
4,PED-175,En Reparto,Entregado,PED-175: En Reparto -> Entregado
4,PED-176,En Reparto,Entregado,PED-176: En Reparto -> Entregado
4,PED-177,En Reparto,Entregado,PED-177: En Reparto -> Entregado
4,PED-178,En Reparto,Entregado,PED-178: En Reparto -> Entregado
4,PED-179,En Reparto,Entrega Fallida,PED-179: En Reparto -> Entrega Fallida
4,PED-180,En Bodega,En Reparto,PED-180: En Bodega -> En Reparto
4,PED-181,En Bodega,En Reparto,PED-181: En Bodega -> En Reparto
4,PED-182,En Reparto,Entregado,PED-182: En Reparto -> Entregado
4,PED-185,En Reparto,Entregado,PED-185: En Reparto -> Entregado
4,PED-186,En Reparto,Entregado,PED-186: En Reparto -> Entregado
4,PED-187,En Reparto,Entrega Fallida,PED-187: En Reparto -> Entrega Fallida
4,PED-190,En Preparación,En Bodega,PED-190: En Preparación -> En Bodega
4,PED-192,En Reparto,Entregado,PED-192: En Reparto -> Entregado
4,PED-193,En Reparto,Entregado,PED-193: En Reparto -> Entregado
4,PED-194,En Bodega,En Reparto,PED-194: En Bodega -> En Reparto
4,PED-195,En Bodega,En Reparto,PED-195: En Bodega -> En Reparto
4,PED-197,En Reparto,Entrega Fallida,PED-197: En Reparto -> Entrega Fallida
4,PED-198,En Bodega,En Reparto,PED-198: En Bodega -> En Reparto
4,PED-199,En Reparto,Entrega Fallida,PED-199: En Reparto -> Entrega Fallida
4,PED-200,En Reparto,Entrega Fallida,PED-200: En Reparto -> Entrega Fallida
4,PED-201,En Bodega,En Reparto,PED-201: En Bodega -> En Reparto
4,PED-202,En Bodega,En Bodega,PED-202: En Bodega -> En Bodega
4,PED-203,En Reparto,Entregado,PED-203: En Reparto -> Entregado
4,PED-204,En Bodega,En Reparto,PED-204: En Bodega -> En Reparto
4,PED-205,En Reparto,Entregado,PED-205: En Reparto -> Entregado
4,PED-206,En Bodega,En Reparto,PED-206: En Bodega -> En Reparto
4,PED-207,En Reparto,Entregado,PED-207: En Reparto -> Entregado
4,PED-208,En Reparto,Entregado,PED-208: En Reparto -> Entregado
4,PED-209,En Bodega,En Reparto,PED-209: En Bodega -> En Reparto
4,PED-210,En Reparto,Entrega Fallida,PED-210: En Reparto -> Entrega Fallida
4,PED-212,En Reparto,Entregado,PED-212: En Reparto -> Entregado
4,PED-213,En Reparto,Entrega Fallida,PED-213: En Reparto -> Entrega Fallida
4,PED-214,En Reparto,Entregado,PED-214: En Reparto -> Entregado
4,PED-215,En Reparto,Entrega Fallida,PED-215: En Reparto -> Entrega Fallida
4,PED-216,En Reparto,Entregado,PED-216: En Reparto -> Entregado
4,PED-218,En Reparto,Entregado,PED-218: En Reparto -> Entregado
4,PED-219,En Reparto,Entregado,PED-219: En Reparto -> Entregado
4,PED-220,En Preparación,En Bodega,PED-220: En Preparación -> En Bodega
4,PED-221,En Reparto,Entrega Fallida,PED-221: En Reparto -> Entrega Fallida
4,PED-222,En Reparto,Entregado,PED-222: En Reparto -> Entregado
4,PED-223,En Reparto,Entrega Fallida,PED-223: En Reparto -> Entrega Fallida
4,PED-224,En Reparto,Entregado,PED-224: En Reparto -> Entregado
4,PED-225,En Preparación,En Bodega,PED-225: En Preparación -> En Bodega
4,PED-226,En Reparto,Entregado,PED-226: En Reparto -> Entregado
4,PED-227,En Reparto,Entregado,PED-227: En Reparto -> Entregado
4,PED-228,En Reparto,Entregado,PED-228: En Reparto -> Entregado
4,PED-229,En Reparto,Entrega Fallida,PED-229: En Reparto -> Entrega Fallida
4,PED-230,En Reparto,Entregado,PED-230: En Reparto -> Entregado
4,PED-231,En Reparto,Entregado,PED-231: En Reparto -> Entregado
4,PED-233,En Bodega,En Reparto,PED-233: En Bodega -> En Reparto
4,PED-234,En Reparto,Entrega Fallida,PED-234: En Reparto -> Entrega Fallida
4,PED-235,En Reparto,Entrega Fallida,PED-235: En Reparto -> Entrega Fallida
4,PED-236,En Bodega,En Reparto,PED-236: En Bodega -> En Reparto
4,PED-237,En Reparto,Entregado,PED-237: En Reparto -> Entregado
4,PED-238,En Reparto,Entrega Fallida,PED-238: En Reparto -> Entrega Fallida
4,PED-239,En Reparto,Entregado,PED-239: En Reparto -> Entregado
4,PED-240,En Bodega,En Bodega,PED-240: En Bodega -> En Bodega
4,PED-241,En Reparto,Entregado,PED-241: En Reparto -> Entregado
4,PED-242,En Reparto,Entregado,PED-242: En Reparto -> Entregado
4,PED-243,En Bodega,En Reparto,PED-243: En Bodega -> En Reparto
4,PED-244,En Reparto,Entregado,PED-244: En Reparto -> Entregado
4,PED-245,En Bodega,En Reparto,PED-245: En Bodega -> En Reparto
4,PED-246,En Reparto,Entregado,PED-246: En Reparto -> Entregado
4,PED-247,En Reparto,Entregado,PED-247: En Reparto -> Entregado
4,PED-248,En Reparto,Entrega Fallida,PED-248: En Reparto -> Entrega Fallida
4,PED-249,En Reparto,Entrega Fallida,PED-249: En Reparto -> Entrega Fallida
4,PED-250,En Reparto,Entregado,PED-250: En Reparto -> Entregado
4,PED-251,En Reparto,Entregado,PED-251: En Reparto -> Entregado
4,PED-252,En Reparto,Entregado,PED-252: En Reparto -> Entregado
4,PED-253,En Reparto,Entregado,PED-253: En Reparto -> Entregado
4,PED-255,En Reparto,Entregado,PED-255: En Reparto -> Entregado
4,PED-256,En Reparto,Entrega Fallida,PED-256: En Reparto -> Entrega Fallida
4,PED-257,En Reparto,Entrega Fallida,PED-257: En Reparto -> Entrega Fallida
4,PED-258,En Reparto,Entregado,PED-258: En Reparto -> Entregado
4,PED-259,En Reparto,Entrega Fallida,PED-259: En Reparto -> Entrega Fallida
4,PED-261,En Reparto,Entregado,PED-261: En Reparto -> Entregado
4,PED-262,En Reparto,Entregado,PED-262: En Reparto -> Entregado
4,PED-263,En Reparto,Entregado,PED-263: En Reparto -> Entregado
4,PED-264,En Reparto,Entregado,PED-264: En Reparto -> Entregado
4,PED-265,En Reparto,Entrega Fallida,PED-265: En Reparto -> Entrega Fallida
4,PED-266,En Reparto,Entregado,PED-266: En Reparto -> Entregado
4,PED-268,En Bodega,En Reparto,PED-268: En Bodega -> En Reparto
4,PED-269,En Reparto,Entregado,PED-269: En Reparto -> Entregado
4,PED-270,En Reparto,Entregado,PED-270: En Reparto -> Entregado
4,PED-271,En Reparto,Entregado,PED-271: En Reparto -> Entregado
4,PED-272,En Reparto,Entrega Fallida,PED-272: En Reparto -> Entrega Fallida
4,PED-273,En Reparto,Entregado,PED-273: En Reparto -> Entregado
4,PED-274,En Reparto,Entrega Fallida,PED-274: En Reparto -> Entrega Fallida
4,PED-275,En Bodega,En Reparto,PED-275: En Bodega -> En Reparto
4,PED-276,En Reparto,Entregado,PED-276: En Reparto -> Entregado
4,PED-277,En Reparto,Entrega Fallida,PED-277: En Reparto -> Entrega Fallida
4,PED-278,En Reparto,Entregado,PED-278: En Reparto -> Entregado
4,PED-280,En Bodega,En Reparto,PED-280: En Bodega -> En Reparto
4,PED-281,En Reparto,Entregado,PED-281: En Reparto -> Entregado
4,PED-282,En Reparto,Entrega Fallida,PED-282: En Reparto -> Entrega Fallida
4,PED-283,En Reparto,Entregado,PED-283: En Reparto -> Entregado
4,PED-284,En Reparto,Entregado,PED-284: En Reparto -> Entregado
4,PED-285,En Reparto,Entregado,PED-285: En Reparto -> Entregado
4,PED-286,En Reparto,Entregado,PED-286: En Reparto -> Entregado
4,PED-287,En Bodega,En Reparto,PED-287: En Bodega -> En Reparto
4,PED-289,En Reparto,Entrega Fallida,PED-289: En Reparto -> Entrega Fallida
4,PED-290,En Reparto,Entregado,PED-290: En Reparto -> Entregado
4,PED-291,En Reparto,Entregado,PED-291: En Reparto -> Entregado
4,PED-292,En Reparto,Entregado,PED-292: En Reparto -> Entregado
4,PED-293,En Bodega,En Reparto,PED-293: En Bodega -> En Reparto
4,PED-294,En Reparto,Entregado,PED-294: En Reparto -> Entregado
4,PED-295,En Reparto,Entregado,PED-295: En Reparto -> Entregado
4,PED-296,En Reparto,Entregado,PED-296: En Reparto -> Entregado
4,PED-297,En Reparto,Entregado,PED-297: En Reparto -> Entregado
4,PED-298,En Reparto,Entregado,PED-298: En Reparto -> Entregado
4,PED-299,En Reparto,Entregado,PED-299: En Reparto -> Entregado
4,PED-300,En Reparto,Entregado,PED-300: En Reparto -> Entregado
4,PED-301,En Reparto,Entrega Fallida,PED-301: En Reparto -> Entrega Fallida
4,PED-302,En Reparto,Entregado,PED-302: En Reparto -> Entregado
4,PED-303,En Reparto,Entrega Fallida,PED-303: En Reparto -> Entrega Fallida
4,PED-304,En Reparto,Entregado,PED-304: En Reparto -> Entregado
4,PED-305,En Reparto,Entrega Fallida,PED-305: En Reparto -> Entrega Fallida
4,PED-306,En Reparto,Entregado,PED-306: En Reparto -> Entregado
4,PED-307,En Reparto,Entrega Fallida,PED-307: En Reparto -> Entrega Fallida
4,PED-308,En Reparto,Entregado,PED-308: En Reparto -> Entregado
4,PED-309,En Reparto,Entregado,PED-309: En Reparto -> Entregado
4,PED-310,En Bodega,En Reparto,PED-310: En Bodega -> En Reparto
4,PED-311,En Bodega,En Reparto,PED-311: En Bodega -> En Reparto
4,PED-312,En Reparto,Entregado,PED-312: En Reparto -> Entregado
4,PED-313,En Bodega,En Reparto,PED-313: En Bodega -> En Reparto
4,PED-314,En Reparto,Entregado,PED-314: En Reparto -> Entregado
4,PED-316,En Reparto,Entrega Fallida,PED-316: En Reparto -> Entrega Fallida
4,PED-319,En Reparto,Entregado,PED-319: En Reparto -> Entregado
4,PED-320,En Reparto,Entrega Fallida,PED-320: En Reparto -> Entrega Fallida
4,PED-321,En Reparto,Entrega Fallida,PED-321: En Reparto -> Entrega Fallida
4,PED-322,En Reparto,Entregado,PED-322: En Reparto -> Entregado
4,PED-323,En Reparto,Entregado,PED-323: En Reparto -> Entregado
4,PED-324,En Reparto,Entregado,PED-324: En Reparto -> Entregado
4,PED-325,En Reparto,Entrega Fallida,PED-325: En Reparto -> Entrega Fallida
4,PED-326,En Reparto,Entregado,PED-326: En Reparto -> Entregado
4,PED-327,En Reparto,Entrega Fallida,PED-327: En Reparto -> Entrega Fallida
4,PED-328,En Reparto,Entregado,PED-328: En Reparto -> Entregado
4,PED-329,En Reparto,Entregado,PED-329: En Reparto -> Entregado
4,PED-330,En Bodega,En Reparto,PED-330: En Bodega -> En Reparto
4,PED-331,En Reparto,Entregado,PED-331: En Reparto -> Entregado
4,PED-332,En Reparto,Entregado,PED-332: En Reparto -> Entregado
4,PED-333,En Reparto,Entregado,PED-333: En Reparto -> Entregado
4,PED-334,En Reparto,Entrega Fallida,PED-334: En Reparto -> Entrega Fallida
4,PED-335,En Reparto,Entrega Fallida,PED-335: En Reparto -> Entrega Fallida
4,PED-336,En Reparto,Entregado,PED-336: En Reparto -> Entregado
4,PED-337,En Bodega,En Reparto,PED-337: En Bodega -> En Reparto
4,PED-338,En Reparto,Entrega Fallida,PED-338: En Reparto -> Entrega Fallida
4,PED-339,En Reparto,Entregado,PED-339: En Reparto -> Entregado
4,PED-340,En Reparto,Entregado,PED-340: En Reparto -> Entregado
4,PED-341,En Reparto,Entregado,PED-341: En Reparto -> Entregado
4,PED-342,En Reparto,Entregado,PED-342: En Reparto -> Entregado
4,PED-343,En Reparto,Entregado,PED-343: En Reparto -> Entregado
4,PED-345,En Bodega,En Reparto,PED-345: En Bodega -> En Reparto
4,PED-346,En Bodega,En Reparto,PED-346: En Bodega -> En Reparto
4,PED-347,En Reparto,Entregado,PED-347: En Reparto -> Entregado
4,PED-348,En Reparto,Entrega Fallida,PED-348: En Reparto -> Entrega Fallida
4,PED-349,En Reparto,Entregado,PED-349: En Reparto -> Entregado
4,PED-351,En Reparto,Entregado,PED-351: En Reparto -> Entregado
4,PED-352,En Reparto,Entrega Fallida,PED-352: En Reparto -> Entrega Fallida
4,PED-353,En Reparto,Entregado,PED-353: En Reparto -> Entregado
4,PED-354,En Bodega,En Reparto,PED-354: En Bodega -> En Reparto
4,PED-355,En Reparto,Entregado,PED-355: En Reparto -> Entregado
4,PED-356,En Bodega,En Bodega,PED-356: En Bodega -> En Bodega
4,PED-357,En Reparto,Entregado,PED-357: En Reparto -> Entregado
4,PED-358,En Reparto,Entregado,PED-358: En Reparto -> Entregado
4,PED-359,En Reparto,Entregado,PED-359: En Reparto -> Entregado
4,PED-360,En Reparto,Entregado,PED-360: En Reparto -> Entregado
4,PED-361,En Reparto,Entregado,PED-361: En Reparto -> Entregado
4,PED-362,En Bodega,En Reparto,PED-362: En Bodega -> En Reparto
4,PED-363,En Reparto,Entregado,PED-363: En Reparto -> Entregado
4,PED-364,En Reparto,Entregado,PED-364: En Reparto -> Entregado
4,PED-365,En Reparto,Entregado,PED-365: En Reparto -> Entregado
4,PED-366,En Reparto,Entregado,PED-366: En Reparto -> Entregado
4,PED-367,En Reparto,Entregado,PED-367: En Reparto -> Entregado
4,PED-368,En Reparto,Entregado,PED-368: En Reparto -> Entregado
4,PED-369,En Reparto,Entregado,PED-369: En Reparto -> Entregado
4,PED-370,En Reparto,Entrega Fallida,PED-370: En Reparto -> Entrega Fallida
4,PED-371,En Bodega,En Reparto,PED-371: En Bodega -> En Reparto
4,PED-372,En Reparto,Entrega Fallida,PED-372: En Reparto -> Entrega Fallida
4,PED-373,En Reparto,Entregado,PED-373: En Reparto -> Entregado
4,PED-374,En Bodega,En Reparto,PED-374: En Bodega -> En Reparto
4,PED-375,En Bodega,En Reparto,PED-375: En Bodega -> En Reparto
4,PED-376,En Reparto,Entregado,PED-376: En Reparto -> Entregado
4,PED-377,En Reparto,Entregado,PED-377: En Reparto -> Entregado
4,PED-378,En Reparto,Entregado,PED-378: En Reparto -> Entregado
4,PED-379,En Bodega,En Reparto,PED-379: En Bodega -> En Reparto
4,PED-380,En Reparto,Entregado,PED-380: En Reparto -> Entregado
4,PED-381,En Reparto,Entregado,PED-381: En Reparto -> Entregado
4,PED-382,En Reparto,Entregado,PED-382: En Reparto -> Entregado
4,PED-383,En Reparto,Entrega Fallida,PED-383: En Reparto -> Entrega Fallida
4,PED-384,En Reparto,Entregado,PED-384: En Reparto -> Entregado
4,PED-385,En Bodega,En Reparto,PED-385: En Bodega -> En Reparto
4,PED-386,En Reparto,Entregado,PED-386: En Reparto -> Entregado
4,PED-387,En Bodega,En Reparto,PED-387: En Bodega -> En Reparto
4,PED-388,En Reparto,Entregado,PED-388: En Reparto -> Entregado
4,PED-389,En Bodega,En Reparto,PED-389: En Bodega -> En Reparto
4,PED-390,En Reparto,Entrega Fallida,PED-390: En Reparto -> Entrega Fallida
4,PED-391,En Bodega,En Reparto,PED-391: En Bodega -> En Reparto
4,PED-392,En Reparto,Entregado,PED-392: En Reparto -> Entregado
4,PED-393,En Reparto,Entregado,PED-393: En Reparto -> Entregado
4,PED-394,En Reparto,Entregado,PED-394: En Reparto -> Entregado
4,PED-396,En Reparto,Entregado,PED-396: En Reparto -> Entregado
4,PED-397,En Reparto,Entregado,PED-397: En Reparto -> Entregado
4,PED-398,En Reparto,Entrega Fallida,PED-398: En Reparto -> Entrega Fallida
4,PED-399,En Reparto,Entrega Fallida,PED-399: En Reparto -> Entrega Fallida
4,PED-401,En Reparto,Entregado,PED-401: En Reparto -> Entregado
4,PED-402,En Reparto,Entrega Fallida,PED-402: En Reparto -> Entrega Fallida
4,PED-403,En Reparto,Entregado,PED-403: En Reparto -> Entregado
4,PED-404,En Reparto,Entregado,PED-404: En Reparto -> Entregado
4,PED-405,En Bodega,En Reparto,PED-405: En Bodega -> En Reparto
4,PED-406,En Reparto,Entregado,PED-406: En Reparto -> Entregado
4,PED-407,En Reparto,Entregado,PED-407: En Reparto -> Entregado
4,PED-408,En Reparto,Entregado,PED-408: En Reparto -> Entregado
4,PED-409,En Bodega,En Reparto,PED-409: En Bodega -> En Reparto
4,PED-410,En Reparto,Entregado,PED-410: En Reparto -> Entregado
4,PED-411,En Reparto,Entrega Fallida,PED-411: En Reparto -> Entrega Fallida
4,PED-412,En Reparto,Entregado,PED-412: En Reparto -> Entregado
4,PED-414,En Reparto,Entrega Fallida,PED-414: En Reparto -> Entrega Fallida
4,PED-415,En Reparto,Entregado,PED-415: En Reparto -> Entregado
4,PED-416,En Reparto,Entrega Fallida,PED-416: En Reparto -> Entrega Fallida
4,PED-417,En Reparto,Entregado,PED-417: En Reparto -> Entregado
4,PED-418,En Reparto,Entregado,PED-418: En Reparto -> Entregado
4,PED-419,En Reparto,Entregado,PED-419: En Reparto -> Entregado
4,PED-421,En Reparto,Entregado,PED-421: En Reparto -> Entregado
4,PED-422,En Reparto,Entrega Fallida,PED-422: En Reparto -> Entrega Fallida
4,PED-424,En Reparto,Entregado,PED-424: En Reparto -> Entregado
4,PED-425,En Reparto,Entregado,PED-425: En Reparto -> Entregado
4,PED-426,En Reparto,Entregado,PED-426: En Reparto -> Entregado
4,PED-427,En Bodega,En Reparto,PED-427: En Bodega -> En Reparto
4,PED-428,En Reparto,Entregado,PED-428: En Reparto -> Entregado
4,PED-429,En Reparto,Entregado,PED-429: En Reparto -> Entregado
4,PED-430,En Reparto,Entregado,PED-430: En Reparto -> Entregado
4,PED-431,En Reparto,Entregado,PED-431: En Reparto -> Entregado
4,PED-432,En Reparto,Entregado,PED-432: En Reparto -> Entregado
4,PED-433,En Reparto,Entregado,PED-433: En Reparto -> Entregado
4,PED-434,En Reparto,Entregado,PED-434: En Reparto -> Entregado
4,PED-435,En Reparto,Entregado,PED-435: En Reparto -> Entregado
4,PED-436,En Reparto,Entregado,PED-436: En Reparto -> Entregado
4,PED-437,En Reparto,Entregado,PED-437: En Reparto -> Entregado
4,PED-438,En Reparto,Entregado,PED-438: En Reparto -> Entregado
4,PED-439,En Reparto,Entregado,PED-439: En Reparto -> Entregado
4,PED-440,En Reparto,Entregado,PED-440: En Reparto -> Entregado
4,PED-441,En Reparto,Entregado,PED-441: En Reparto -> Entregado
4,PED-442,En Bodega,En Reparto,PED-442: En Bodega -> En Reparto
4,PED-443,En Reparto,Entregado,PED-443: En Reparto -> Entregado
4,PED-444,En Reparto,Entregado,PED-444: En Reparto -> Entregado
4,PED-445,En Reparto,Entregado,PED-445: En Reparto -> Entregado
4,PED-447,En Bodega,En Reparto,PED-447: En Bodega -> En Reparto
4,PED-449,En Reparto,Entregado,PED-449: En Reparto -> Entregado
4,PED-451,En Reparto,Entregado,PED-451: En Reparto -> Entregado
4,PED-452,En Reparto,Entregado,PED-452: En Reparto -> Entregado
4,PED-453,En Reparto,Entrega Fallida,PED-453: En Reparto -> Entrega Fallida
4,PED-454,En Reparto,Entregado,PED-454: En Reparto -> Entregado
4,PED-457,En Bodega,En Reparto,PED-457: En Bodega -> En Reparto
4,PED-458,En Bodega,En Reparto,PED-458: En Bodega -> En Reparto
4,PED-459,En Reparto,Entrega Fallida,PED-459: En Reparto -> Entrega Fallida
4,PED-460,En Reparto,Entregado,PED-460: En Reparto -> Entregado
4,PED-461,En Reparto,Entregado,PED-461: En Reparto -> Entregado
4,PED-462,En Reparto,Entregado,PED-462: En Reparto -> Entregado
4,PED-463,En Bodega,En Reparto,PED-463: En Bodega -> En Reparto
4,PED-464,En Reparto,Entregado,PED-464: En Reparto -> Entregado
4,PED-465,En Reparto,Entregado,PED-465: En Reparto -> Entregado
4,PED-467,En Reparto,Entregado,PED-467: En Reparto -> Entregado
4,PED-468,En Bodega,En Reparto,PED-468: En Bodega -> En Reparto
4,PED-470,En Reparto,Entregado,PED-470: En Reparto -> Entregado
4,PED-471,En Bodega,En Reparto,PED-471: En Bodega -> En Reparto
4,PED-472,En Reparto,Entregado,PED-472: En Reparto -> Entregado
4,PED-473,En Reparto,Entregado,PED-473: En Reparto -> Entregado
4,PED-474,En Reparto,Entregado,PED-474: En Reparto -> Entregado
4,PED-475,En Bodega,En Reparto,PED-475: En Bodega -> En Reparto
4,PED-476,En Reparto,Entregado,PED-476: En Reparto -> Entregado
4,PED-477,En Reparto,Entregado,PED-477: En Reparto -> Entregado
4,PED-479,En Reparto,Entregado,PED-479: En Reparto -> Entregado
4,PED-481,En Reparto,Entregado,PED-481: En Reparto -> Entregado
4,PED-482,En Reparto,Entregado,PED-482: En Reparto -> Entregado
4,PED-485,En Reparto,Entregado,PED-485: En Reparto -> Entregado
4,PED-486,En Bodega,En Bodega,PED-486: En Bodega -> En Bodega
4,PED-487,En Reparto,Entregado,PED-487: En Reparto -> Entregado
4,PED-488,En Reparto,Entregado,PED-488: En Reparto -> Entregado
4,PED-489,En Reparto,Entrega Fallida,PED-489: En Reparto -> Entrega Fallida
4,PED-490,En Bodega,En Reparto,PED-490: En Bodega -> En Reparto
4,PED-491,En Reparto,Entregado,PED-491: En Reparto -> Entregado
4,PED-492,En Reparto,Entregado,PED-492: En Reparto -> Entregado
4,PED-493,En Reparto,Entregado,PED-493: En Reparto -> Entregado
4,PED-494,En Bodega,En Bodega,PED-494: En Bodega -> En Bodega
4,PED-495,En Reparto,Entregado,PED-495: En Reparto -> Entregado
4,PED-496,En Reparto,Entregado,PED-496: En Reparto -> Entregado
4,PED-497,En Reparto,Entregado,PED-497: En Reparto -> Entregado
4,PED-498,En Reparto,Entregado,PED-498: En Reparto -> Entregado
4,PED-499,En Reparto,Entregado,PED-499: En Reparto -> Entregado
4,PED-500,En Reparto,Entregado,PED-500: En Reparto -> Entregado
4,PED-501,En Bodega,En Reparto,PED-501: En Bodega -> En Reparto
4,PED-502,En Reparto,Entregado,PED-502: En Reparto -> Entregado
4,PED-503,En Reparto,Entregado,PED-503: En Reparto -> Entregado
4,PED-504,En Reparto,Entregado,PED-504: En Reparto -> Entregado
4,PED-505,En Bodega,En Reparto,PED-505: En Bodega -> En Reparto
4,PED-506,En Reparto,Entregado,PED-506: En Reparto -> Entregado
4,PED-507,En Reparto,Entregado,PED-507: En Reparto -> Entregado
4,PED-508,En Bodega,En Reparto,PED-508: En Bodega -> En Reparto
4,PED-509,En Reparto,Entregado,PED-509: En Reparto -> Entregado
4,PED-510,En Reparto,Entregado,PED-510: En Reparto -> Entregado
4,PED-511,En Reparto,Entregado,PED-511: En Reparto -> Entregado
4,PED-512,En Reparto,Entregado,PED-512: En Reparto -> Entregado
4,PED-513,En Reparto,Entregado,PED-513: En Reparto -> Entregado
4,PED-514,En Reparto,Entregado,PED-514: En Reparto -> Entregado
4,PED-515,En Reparto,Entregado,PED-515: En Reparto -> Entregado
4,PED-516,En Reparto,Entregado,PED-516: En Reparto -> Entregado
4,PED-517,En Bodega,En Reparto,PED-517: En Bodega -> En Reparto
4,PED-518,En Bodega,En Reparto,PED-518: En Bodega -> En Reparto
4,PED-519,En Reparto,Entregado,PED-519: En Reparto -> Entregado
4,PED-520,En Reparto,Entrega Fallida,PED-520: En Reparto -> Entrega Fallida
4,PED-521,En Reparto,Entregado,PED-521: En Reparto -> Entregado
4,PED-522,En Reparto,Entregado,PED-522: En Reparto -> Entregado
4,PED-523,En Reparto,Entrega Fallida,PED-523: En Reparto -> Entrega Fallida
4,PED-524,En Reparto,Entregado,PED-524: En Reparto -> Entregado
4,PED-525,En Reparto,Entregado,PED-525: En Reparto -> Entregado
4,PED-526,En Reparto,Entrega Fallida,PED-526: En Reparto -> Entrega Fallida
4,PED-527,En Reparto,Entregado,PED-527: En Reparto -> Entregado
4,PED-528,En Reparto,Entregado,PED-528: En Reparto -> Entregado
4,PED-529,En Reparto,Entregado,PED-529: En Reparto -> Entregado
4,PED-531,En Reparto,Entregado,PED-531: En Reparto -> Entregado
4,PED-532,En Reparto,Entregado,PED-532: En Reparto -> Entregado
4,PED-533,En Reparto,Entregado,PED-533: En Reparto -> Entregado
4,PED-534,En Bodega,En Reparto,PED-534: En Bodega -> En Reparto
4,PED-535,En Reparto,Entregado,PED-535: En Reparto -> Entregado
4,PED-536,En Reparto,Entregado,PED-536: En Reparto -> Entregado
4,PED-537,En Reparto,Entregado,PED-537: En Reparto -> Entregado
4,PED-538,En Reparto,Entregado,PED-538: En Reparto -> Entregado
4,PED-539,En Reparto,Entregado,PED-539: En Reparto -> Entregado
4,PED-540,En Reparto,Entregado,PED-540: En Reparto -> Entregado
4,PED-541,En Reparto,Entregado,PED-541: En Reparto -> Entregado
4,PED-542,En Reparto,Entregado,PED-542: En Reparto -> Entregado
4,PED-543,En Bodega,En Reparto,PED-543: En Bodega -> En Reparto
4,PED-544,En Reparto,Entregado,PED-544: En Reparto -> Entregado
4,PED-545,En Reparto,Entregado,PED-545: En Reparto -> Entregado
4,PED-546,En Reparto,Entregado,PED-546: En Reparto -> Entregado
4,PED-547,En Bodega,En Reparto,PED-547: En Bodega -> En Reparto
4,PED-548,En Reparto,Entregado,PED-548: En Reparto -> Entregado
4,PED-549,En Reparto,Entregado,PED-549: En Reparto -> Entregado
4,PED-550,En Reparto,Entregado,PED-550: En Reparto -> Entregado
4,PED-551,En Reparto,Entregado,PED-551: En Reparto -> Entregado
4,PED-553,En Reparto,Entrega Fallida,PED-553: En Reparto -> Entrega Fallida
4,PED-554,En Reparto,Entrega Fallida,PED-554: En Reparto -> Entrega Fallida
4,PED-555,En Reparto,Entregado,PED-555: En Reparto -> Entregado
4,PED-557,En Bodega,En Bodega,PED-557: En Bodega -> En Bodega
4,PED-559,En Reparto,Entregado,PED-559: En Reparto -> Entregado
4,PED-560,En Reparto,Entregado,PED-560: En Reparto -> Entregado
4,PED-562,En Reparto,Entregado,PED-562: En Reparto -> Entregado
4,PED-563,En Reparto,Entrega Fallida,PED-563: En Reparto -> Entrega Fallida
4,PED-564,En Bodega,En Bodega,PED-564: En Bodega -> En Bodega
4,PED-565,En Reparto,Entregado,PED-565: En Reparto -> Entregado
4,PED-566,En Bodega,En Reparto,PED-566: En Bodega -> En Reparto
4,PED-567,En Reparto,Entregado,PED-567: En Reparto -> Entregado
4,PED-568,En Reparto,Entregado,PED-568: En Reparto -> Entregado
4,PED-570,En Reparto,Entregado,PED-570: En Reparto -> Entregado
4,PED-571,En Reparto,Entregado,PED-571: En Reparto -> Entregado
4,PED-572,En Reparto,Entrega Fallida,PED-572: En Reparto -> Entrega Fallida
4,PED-573,En Reparto,Entregado,PED-573: En Reparto -> Entregado
4,PED-576,En Reparto,Entregado,PED-576: En Reparto -> Entregado
4,PED-577,En Reparto,Entregado,PED-577: En Reparto -> Entregado
4,PED-578,En Reparto,Entregado,PED-578: En Reparto -> Entregado
4,PED-579,En Reparto,Entregado,PED-579: En Reparto -> Entregado
4,PED-580,En Reparto,Entrega Fallida,PED-580: En Reparto -> Entrega Fallida
4,PED-581,En Reparto,Entregado,PED-581: En Reparto -> Entregado
4,PED-582,En Reparto,Entrega Fallida,PED-582: En Reparto -> Entrega Fallida
4,PED-583,En Bodega,En Reparto,PED-583: En Bodega -> En Reparto
4,PED-584,En Reparto,Entregado,PED-584: En Reparto -> Entregado
4,PED-585,En Bodega,En Reparto,PED-585: En Bodega -> En Reparto
4,PED-586,En Reparto,Entrega Fallida,PED-586: En Reparto -> Entrega Fallida
4,PED-587,En Reparto,Entrega Fallida,PED-587: En Reparto -> Entrega Fallida
4,PED-588,En Reparto,Entregado,PED-588: En Reparto -> Entregado
4,PED-589,En Reparto,Entregado,PED-589: En Reparto -> Entregado
4,PED-590,En Bodega,En Reparto,PED-590: En Bodega -> En Reparto
4,PED-591,En Reparto,Entregado,PED-591: En Reparto -> Entregado
4,PED-592,En Reparto,Entregado,PED-592: En Reparto -> Entregado
4,PED-593,En Reparto,Entregado,PED-593: En Reparto -> Entregado
4,PED-594,En Reparto,Entregado,PED-594: En Reparto -> Entregado
4,PED-595,En Bodega,En Bodega,PED-595: En Bodega -> En Bodega
4,PED-596,En Bodega,En Reparto,PED-596: En Bodega -> En Reparto
4,PED-597,En Bodega,En Reparto,PED-597: En Bodega -> En Reparto
4,PED-599,En Bodega,En Reparto,PED-599: En Bodega -> En Reparto
4,PED-600,En Reparto,Entregado,PED-600: En Reparto -> Entregado
4,PED-601,En Reparto,Entregado,PED-601: En Reparto -> Entregado
4,PED-602,En Bodega,En Reparto,PED-602: En Bodega -> En Reparto
4,PED-603,En Reparto,Entregado,PED-603: En Reparto -> Entregado
4,PED-604,En Reparto,Entrega Fallida,PED-604: En Reparto -> Entrega Fallida
4,PED-605,En Reparto,Entregado,PED-605: En Reparto -> Entregado
4,PED-606,En Reparto,Entregado,PED-606: En Reparto -> Entregado
4,PED-607,En Reparto,Entregado,PED-607: En Reparto -> Entregado
4,PED-608,En Reparto,Entrega Fallida,PED-608: En Reparto -> Entrega Fallida
4,PED-609,En Reparto,Entregado,PED-609: En Reparto -> Entregado
4,PED-610,En Preparación,En Bodega,PED-610: En Preparación -> En Bodega
4,PED-611,En Reparto,Entregado,PED-611: En Reparto -> Entregado
4,PED-612,En Bodega,En Reparto,PED-612: En Bodega -> En Reparto
4,PED-614,En Reparto,Entregado,PED-614: En Reparto -> Entregado
4,PED-615,En Reparto,Entregado,PED-615: En Reparto -> Entregado
4,PED-616,En Bodega,En Bodega,PED-616: En Bodega -> En Bodega
4,PED-617,En Reparto,Entregado,PED-617: En Reparto -> Entregado
4,PED-618,En Reparto,Entrega Fallida,PED-618: En Reparto -> Entrega Fallida
4,PED-619,En Bodega,En Reparto,PED-619: En Bodega -> En Reparto
4,PED-620,En Reparto,Entregado,PED-620: En Reparto -> Entregado
4,PED-621,En Reparto,Entrega Fallida,PED-621: En Reparto -> Entrega Fallida
4,PED-622,En Reparto,Entrega Fallida,PED-622: En Reparto -> Entrega Fallida
4,PED-624,En Reparto,Entrega Fallida,PED-624: En Reparto -> Entrega Fallida
4,PED-626,En Reparto,Entregado,PED-626: En Reparto -> Entregado
4,PED-627,En Reparto,Entregado,PED-627: En Reparto -> Entregado
4,PED-629,En Reparto,Entregado,PED-629: En Reparto -> Entregado
4,PED-630,En Reparto,Entregado,PED-630: En Reparto -> Entregado
4,PED-631,En Reparto,Entrega Fallida,PED-631: En Reparto -> Entrega Fallida
4,PED-632,En Reparto,Entrega Fallida,PED-632: En Reparto -> Entrega Fallida
4,PED-633,En Bodega,En Reparto,PED-633: En Bodega -> En Reparto
4,PED-634,En Reparto,Entregado,PED-634: En Reparto -> Entregado
4,PED-635,En Reparto,Entregado,PED-635: En Reparto -> Entregado
4,PED-636,En Bodega,En Reparto,PED-636: En Bodega -> En Reparto
4,PED-637,En Reparto,Entregado,PED-637: En Reparto -> Entregado
4,PED-638,En Reparto,Entregado,PED-638: En Reparto -> Entregado
4,PED-639,En Reparto,Entrega Fallida,PED-639: En Reparto -> Entrega Fallida
4,PED-640,En Bodega,En Reparto,PED-640: En Bodega -> En Reparto
4,PED-641,En Reparto,Entregado,PED-641: En Reparto -> Entregado
4,PED-642,En Reparto,Entregado,PED-642: En Reparto -> Entregado
4,PED-643,En Reparto,Entregado,PED-643: En Reparto -> Entregado
4,PED-644,En Reparto,Entregado,PED-644: En Reparto -> Entregado
4,PED-645,En Reparto,Entregado,PED-645: En Reparto -> Entregado
4,PED-646,En Reparto,Entregado,PED-646: En Reparto -> Entregado
4,PED-647,En Reparto,Entregado,PED-647: En Reparto -> Entregado
4,PED-648,En Reparto,Entregado,PED-648: En Reparto -> Entregado
4,PED-649,En Bodega,En Reparto,PED-649: En Bodega -> En Reparto
4,PED-650,En Reparto,Entregado,PED-650: En Reparto -> Entregado
4,PED-651,En Reparto,Entregado,PED-651: En Reparto -> Entregado
4,PED-652,En Reparto,Entrega Fallida,PED-652: En Reparto -> Entrega Fallida
4,PED-653,En Bodega,En Reparto,PED-653: En Bodega -> En Reparto
4,PED-654,En Reparto,Entrega Fallida,PED-654: En Reparto -> Entrega Fallida
4,PED-655,En Reparto,Entrega Fallida,PED-655: En Reparto -> Entrega Fallida
4,PED-656,En Bodega,En Reparto,PED-656: En Bodega -> En Reparto
4,PED-657,En Preparación,En Bodega,PED-657: En Preparación -> En Bodega
4,PED-658,En Reparto,Entregado,PED-658: En Reparto -> Entregado
4,PED-659,En Reparto,Entregado,PED-659: En Reparto -> Entregado
4,PED-660,En Reparto,Entregado,PED-660: En Reparto -> Entregado
4,PED-661,En Reparto,Entregado,PED-661: En Reparto -> Entregado
4,PED-662,En Reparto,Entregado,PED-662: En Reparto -> Entregado
4,PED-663,En Preparación,En Bodega,PED-663: En Preparación -> En Bodega
4,PED-664,En Reparto,Entregado,PED-664: En Reparto -> Entregado
4,PED-665,En Bodega,En Reparto,PED-665: En Bodega -> En Reparto
4,PED-666,En Reparto,Entregado,PED-666: En Reparto -> Entregado
4,PED-667,En Reparto,Entregado,PED-667: En Reparto -> Entregado
4,PED-668,En Bodega,En Reparto,PED-668: En Bodega -> En Reparto
4,PED-670,En Reparto,Entrega Fallida,PED-670: En Reparto -> Entrega Fallida
4,PED-671,En Bodega,En Reparto,PED-671: En Bodega -> En Reparto
4,PED-672,En Reparto,Entregado,PED-672: En Reparto -> Entregado
4,PED-673,En Bodega,En Reparto,PED-673: En Bodega -> En Reparto
4,PED-674,En Reparto,Entregado,PED-674: En Reparto -> Entregado
4,PED-676,En Reparto,Entregado,PED-676: En Reparto -> Entregado
4,PED-677,En Reparto,Entregado,PED-677: En Reparto -> Entregado
4,PED-678,En Reparto,Entregado,PED-678: En Reparto -> Entregado
4,PED-679,En Bodega,En Reparto,PED-679: En Bodega -> En Reparto
4,PED-680,En Reparto,Entregado,PED-680: En Reparto -> Entregado
4,PED-681,En Reparto,Entregado,PED-681: En Reparto -> Entregado
4,PED-682,En Reparto,Entrega Fallida,PED-682: En Reparto -> Entrega Fallida
4,PED-683,En Reparto,Entrega Fallida,PED-683: En Reparto -> Entrega Fallida
4,PED-685,En Reparto,Entregado,PED-685: En Reparto -> Entregado
4,PED-686,En Reparto,Entregado,PED-686: En Reparto -> Entregado
4,PED-687,En Reparto,Entregado,PED-687: En Reparto -> Entregado
4,PED-688,En Bodega,En Reparto,PED-688: En Bodega -> En Reparto
4,PED-689,En Reparto,Entrega Fallida,PED-689: En Reparto -> Entrega Fallida
4,PED-690,En Reparto,Entrega Fallida,PED-690: En Reparto -> Entrega Fallida
4,PED-691,En Bodega,En Bodega,PED-691: En Bodega -> En Bodega
4,PED-692,En Reparto,Entregado,PED-692: En Reparto -> Entregado
4,PED-693,En Reparto,Entrega Fallida,PED-693: En Reparto -> Entrega Fallida
4,PED-694,En Reparto,Entrega Fallida,PED-694: En Reparto -> Entrega Fallida
4,PED-695,En Reparto,Entregado,PED-695: En Reparto -> Entregado
4,PED-696,En Reparto,Entregado,PED-696: En Reparto -> Entregado
4,PED-697,En Reparto,Entregado,PED-697: En Reparto -> Entregado
4,PED-698,En Bodega,En Reparto,PED-698: En Bodega -> En Reparto
4,PED-699,En Reparto,Entregado,PED-699: En Reparto -> Entregado
4,PED-700,En Reparto,Entregado,PED-700: En Reparto -> Entregado
4,PED-701,En Reparto,Entregado,PED-701: En Reparto -> Entregado
4,PED-702,En Reparto,Entregado,PED-702: En Reparto -> Entregado
4,PED-703,En Bodega,En Reparto,PED-703: En Bodega -> En Reparto
4,PED-705,En Reparto,Entregado,PED-705: En Reparto -> Entregado
4,PED-706,En Reparto,Entregado,PED-706: En Reparto -> Entregado
4,PED-707,En Reparto,Entrega Fallida,PED-707: En Reparto -> Entrega Fallida
4,PED-708,En Reparto,Entregado,PED-708: En Reparto -> Entregado
4,PED-709,En Reparto,Entregado,PED-709: En Reparto -> Entregado
4,PED-710,En Reparto,Entregado,PED-710: En Reparto -> Entregado
4,PED-711,En Reparto,Entregado,PED-711: En Reparto -> Entregado
4,PED-712,En Bodega,En Reparto,PED-712: En Bodega -> En Reparto
4,PED-713,En Reparto,Entregado,PED-713: En Reparto -> Entregado
4,PED-714,En Reparto,Entregado,PED-714: En Reparto -> Entregado
4,PED-715,En Bodega,En Reparto,PED-715: En Bodega -> En Reparto
4,PED-716,En Reparto,Entregado,PED-716: En Reparto -> Entregado
4,PED-717,En Reparto,Entregado,PED-717: En Reparto -> Entregado
4,PED-718,En Reparto,Entregado,PED-718: En Reparto -> Entregado
4,PED-719,En Reparto,Entregado,PED-719: En Reparto -> Entregado
4,PED-720,En Reparto,Entregado,PED-720: En Reparto -> Entregado
4,PED-721,En Reparto,Entrega Fallida,PED-721: En Reparto -> Entrega Fallida
4,PED-722,En Reparto,Entregado,PED-722: En Reparto -> Entregado
4,PED-723,En Reparto,Entregado,PED-723: En Reparto -> Entregado
4,PED-724,En Bodega,En Reparto,PED-724: En Bodega -> En Reparto
4,PED-725,En Reparto,Entregado,PED-725: En Reparto -> Entregado
4,PED-726,En Bodega,En Reparto,PED-726: En Bodega -> En Reparto
4,PED-727,En Bodega,En Reparto,PED-727: En Bodega -> En Reparto
4,PED-728,En Reparto,Entregado,PED-728: En Reparto -> Entregado
4,PED-729,En Reparto,Entregado,PED-729: En Reparto -> Entregado
4,PED-730,En Bodega,En Reparto,PED-730: En Bodega -> En Reparto
4,PED-731,En Reparto,Entrega Fallida,PED-731: En Reparto -> Entrega Fallida
4,PED-732,En Reparto,Entregado,PED-732: En Reparto -> Entregado
4,PED-733,En Bodega,En Reparto,PED-733: En Bodega -> En Reparto
4,PED-734,En Reparto,Entrega Fallida,PED-734: En Reparto -> Entrega Fallida
4,PED-735,En Reparto,Entregado,PED-735: En Reparto -> Entregado
4,PED-736,En Reparto,Entrega Fallida,PED-736: En Reparto -> Entrega Fallida
4,PED-738,En Bodega,En Bodega,PED-738: En Bodega -> En Bodega
4,PED-739,En Bodega,En Reparto,PED-739: En Bodega -> En Reparto
4,PED-741,En Reparto,Entregado,PED-741: En Reparto -> Entregado
4,PED-742,En Bodega,En Reparto,PED-742: En Bodega -> En Reparto
4,PED-743,En Reparto,Entregado,PED-743: En Reparto -> Entregado
4,PED-744,En Reparto,Entrega Fallida,PED-744: En Reparto -> Entrega Fallida
4,PED-745,En Bodega,En Reparto,PED-745: En Bodega -> En Reparto
4,PED-746,En Reparto,Entregado,PED-746: En Reparto -> Entregado
4,PED-748,En Reparto,Entregado,PED-748: En Reparto -> Entregado
4,PED-749,En Bodega,En Reparto,PED-749: En Bodega -> En Reparto
4,PED-750,En Bodega,En Reparto,PED-750: En Bodega -> En Reparto
4,PED-751,En Reparto,Entregado,PED-751: En Reparto -> Entregado
4,PED-752,En Reparto,Entregado,PED-752: En Reparto -> Entregado
4,PED-753,En Reparto,Entrega Fallida,PED-753: En Reparto -> Entrega Fallida
4,PED-754,En Bodega,En Reparto,PED-754: En Bodega -> En Reparto
4,PED-755,En Reparto,Entregado,PED-755: En Reparto -> Entregado
4,PED-756,En Reparto,Entregado,PED-756: En Reparto -> Entregado
4,PED-757,En Reparto,Entregado,PED-757: En Reparto -> Entregado
4,PED-758,En Reparto,Entregado,PED-758: En Reparto -> Entregado
4,PED-759,En Reparto,Entregado,PED-759: En Reparto -> Entregado
4,PED-760,En Reparto,Entrega Fallida,PED-760: En Reparto -> Entrega Fallida
4,PED-761,En Reparto,Entrega Fallida,PED-761: En Reparto -> Entrega Fallida
4,PED-762,En Preparación,En Bodega,PED-762: En Preparación -> En Bodega
4,PED-763,En Reparto,Entregado,PED-763: En Reparto -> Entregado
4,PED-764,En Bodega,En Reparto,PED-764: En Bodega -> En Reparto
4,PED-765,En Bodega,En Reparto,PED-765: En Bodega -> En Reparto
4,PED-767,En Reparto,Entregado,PED-767: En Reparto -> Entregado
4,PED-768,En Reparto,Entregado,PED-768: En Reparto -> Entregado
4,PED-769,En Reparto,Entrega Fallida,PED-769: En Reparto -> Entrega Fallida
4,PED-771,En Reparto,Entrega Fallida,PED-771: En Reparto -> Entrega Fallida
4,PED-772,En Reparto,Entregado,PED-772: En Reparto -> Entregado
4,PED-773,En Reparto,Entregado,PED-773: En Reparto -> Entregado
4,PED-774,En Bodega,En Reparto,PED-774: En Bodega -> En Reparto
4,PED-777,En Reparto,Entregado,PED-777: En Reparto -> Entregado
4,PED-778,En Reparto,Entregado,PED-778: En Reparto -> Entregado
4,PED-779,En Reparto,Entrega Fallida,PED-779: En Reparto -> Entrega Fallida
4,PED-780,En Reparto,Entregado,PED-780: En Reparto -> Entregado
4,PED-781,En Bodega,En Reparto,PED-781: En Bodega -> En Reparto
4,PED-782,En Reparto,Entrega Fallida,PED-782: En Reparto -> Entrega Fallida
4,PED-783,En Reparto,Entregado,PED-783: En Reparto -> Entregado
4,PED-784,En Reparto,Entregado,PED-784: En Reparto -> Entregado
4,PED-785,En Reparto,Entregado,PED-785: En Reparto -> Entregado
4,PED-788,En Bodega,En Bodega,PED-788: En Bodega -> En Bodega
4,PED-789,En Reparto,Entregado,PED-789: En Reparto -> Entregado
4,PED-790,En Reparto,Entregado,PED-790: En Reparto -> Entregado
4,PED-791,En Preparación,En Preparación,PED-791: En Preparación -> En Preparación
4,PED-792,En Reparto,Entregado,PED-792: En Reparto -> Entregado
4,PED-793,En Reparto,Entregado,PED-793: En Reparto -> Entregado
4,PED-794,En Reparto,Entrega Fallida,PED-794: En Reparto -> Entrega Fallida
4,PED-795,En Reparto,Entregado,PED-795: En Reparto -> Entregado
4,PED-797,En Reparto,Entregado,PED-797: En Reparto -> Entregado
4,PED-798,En Reparto,Entregado,PED-798: En Reparto -> Entregado
4,PED-799,En Reparto,Entregado,PED-799: En Reparto -> Entregado
4,PED-800,En Reparto,Entregado,PED-800: En Reparto -> Entregado
4,PED-802,En Bodega,En Reparto,PED-802: En Bodega -> En Reparto
4,PED-803,En Reparto,Entregado,PED-803: En Reparto -> Entregado
4,PED-804,En Bodega,En Reparto,PED-804: En Bodega -> En Reparto
4,PED-805,En Bodega,En Reparto,PED-805: En Bodega -> En Reparto
4,PED-807,En Reparto,Entregado,PED-807: En Reparto -> Entregado
4,PED-808,En Reparto,Entregado,PED-808: En Reparto -> Entregado
4,PED-809,En Bodega,En Reparto,PED-809: En Bodega -> En Reparto
4,PED-810,En Bodega,En Bodega,PED-810: En Bodega -> En Bodega
4,PED-811,En Bodega,En Reparto,PED-811: En Bodega -> En Reparto
4,PED-812,En Bodega,En Reparto,PED-812: En Bodega -> En Reparto
4,PED-813,En Reparto,Entregado,PED-813: En Reparto -> Entregado
4,PED-814,En Reparto,Entregado,PED-814: En Reparto -> Entregado
4,PED-816,En Reparto,Entregado,PED-816: En Reparto -> Entregado
4,PED-817,En Reparto,Entregado,PED-817: En Reparto -> Entregado
4,PED-818,En Reparto,Entregado,PED-818: En Reparto -> Entregado
4,PED-819,En Reparto,Entregado,PED-819: En Reparto -> Entregado
4,PED-820,En Reparto,Entregado,PED-820: En Reparto -> Entregado
4,PED-821,En Reparto,Entregado,PED-821: En Reparto -> Entregado
4,PED-824,En Reparto,Entregado,PED-824: En Reparto -> Entregado
4,PED-825,En Preparación,En Bodega,PED-825: En Preparación -> En Bodega
4,PED-826,En Reparto,Entrega Fallida,PED-826: En Reparto -> Entrega Fallida
4,PED-827,En Reparto,Entregado,PED-827: En Reparto -> Entregado
4,PED-829,En Reparto,Entregado,PED-829: En Reparto -> Entregado
4,PED-830,En Reparto,Entregado,PED-830: En Reparto -> Entregado
4,PED-833,En Reparto,Entregado,PED-833: En Reparto -> Entregado
4,PED-834,En Reparto,Entrega Fallida,PED-834: En Reparto -> Entrega Fallida
4,PED-835,En Bodega,En Reparto,PED-835: En Bodega -> En Reparto
4,PED-836,En Reparto,Entregado,PED-836: En Reparto -> Entregado
4,PED-837,En Bodega,En Reparto,PED-837: En Bodega -> En Reparto
4,PED-838,En Reparto,Entregado,PED-838: En Reparto -> Entregado
4,PED-839,En Reparto,Entregado,PED-839: En Reparto -> Entregado
4,PED-840,En Reparto,Entregado,PED-840: En Reparto -> Entregado
4,PED-841,En Reparto,Entregado,PED-841: En Reparto -> Entregado
4,PED-842,En Reparto,Entregado,PED-842: En Reparto -> Entregado
4,PED-843,En Reparto,Entrega Fallida,PED-843: En Reparto -> Entrega Fallida
4,PED-844,En Reparto,Entregado,PED-844: En Reparto -> Entregado
4,PED-845,En Reparto,Entregado,PED-845: En Reparto -> Entregado
4,PED-846,En Reparto,Entregado,PED-846: En Reparto -> Entregado
4,PED-847,En Bodega,En Reparto,PED-847: En Bodega -> En Reparto
4,PED-848,En Bodega,En Reparto,PED-848: En Bodega -> En Reparto
4,PED-849,En Reparto,Entregado,PED-849: En Reparto -> Entregado
4,PED-850,En Bodega,En Reparto,PED-850: En Bodega -> En Reparto
4,PED-851,En Reparto,Entregado,PED-851: En Reparto -> Entregado
4,PED-854,En Reparto,Entregado,PED-854: En Reparto -> Entregado
4,PED-855,En Reparto,Entrega Fallida,PED-855: En Reparto -> Entrega Fallida
4,PED-856,En Reparto,Entregado,PED-856: En Reparto -> Entregado
4,PED-857,En Reparto,Entregado,PED-857: En Reparto -> Entregado
4,PED-858,En Reparto,Entregado,PED-858: En Reparto -> Entregado
4,PED-860,En Reparto,Entregado,PED-860: En Reparto -> Entregado
4,PED-861,En Reparto,Entregado,PED-861: En Reparto -> Entregado
4,PED-862,En Reparto,Entregado,PED-862: En Reparto -> Entregado
4,PED-863,En Reparto,Entregado,PED-863: En Reparto -> Entregado
4,PED-864,En Reparto,Entregado,PED-864: En Reparto -> Entregado
4,PED-866,En Reparto,Entregado,PED-866: En Reparto -> Entregado
4,PED-867,En Bodega,En Reparto,PED-867: En Bodega -> En Reparto
4,PED-868,En Reparto,Entregado,PED-868: En Reparto -> Entregado
4,PED-869,En Reparto,Entrega Fallida,PED-869: En Reparto -> Entrega Fallida
4,PED-870,En Reparto,Entregado,PED-870: En Reparto -> Entregado
4,PED-872,En Reparto,Entregado,PED-872: En Reparto -> Entregado
4,PED-873,En Reparto,Entregado,PED-873: En Reparto -> Entregado
4,PED-874,En Reparto,Entregado,PED-874: En Reparto -> Entregado
4,PED-875,En Reparto,Entregado,PED-875: En Reparto -> Entregado
4,PED-876,En Bodega,En Reparto,PED-876: En Bodega -> En Reparto
4,PED-878,En Reparto,Entregado,PED-878: En Reparto -> Entregado
4,PED-879,En Reparto,Entregado,PED-879: En Reparto -> Entregado
4,PED-880,En Reparto,Entregado,PED-880: En Reparto -> Entregado
4,PED-881,En Reparto,Entregado,PED-881: En Reparto -> Entregado
4,PED-882,En Reparto,Entregado,PED-882: En Reparto -> Entregado
4,PED-883,En Reparto,Entrega Fallida,PED-883: En Reparto -> Entrega Fallida
4,PED-884,En Reparto,Entregado,PED-884: En Reparto -> Entregado
4,PED-885,En Reparto,Entregado,PED-885: En Reparto -> Entregado
4,PED-886,En Reparto,Entregado,PED-886: En Reparto -> Entregado
4,PED-887,En Reparto,Entregado,PED-887: En Reparto -> Entregado
4,PED-888,En Reparto,Entregado,PED-888: En Reparto -> Entregado
4,PED-889,En Reparto,Entrega Fallida,PED-889: En Reparto -> Entrega Fallida
4,PED-890,En Reparto,Entrega Fallida,PED-890: En Reparto -> Entrega Fallida
4,PED-891,En Reparto,Entrega Fallida,PED-891: En Reparto -> Entrega Fallida
4,PED-892,En Reparto,Entregado,PED-892: En Reparto -> Entregado
4,PED-893,En Reparto,Entregado,PED-893: En Reparto -> Entregado
4,PED-894,En Reparto,Entregado,PED-894: En Reparto -> Entregado
4,PED-895,En Reparto,Entregado,PED-895: En Reparto -> Entregado
4,PED-896,En Reparto,Entregado,PED-896: En Reparto -> Entregado
4,PED-897,En Reparto,Entregado,PED-897: En Reparto -> Entregado
4,PED-898,En Reparto,Entregado,PED-898: En Reparto -> Entregado
4,PED-899,En Bodega,En Reparto,PED-899: En Bodega -> En Reparto
4,PED-900,En Bodega,En Reparto,PED-900: En Bodega -> En Reparto
4,PED-901,En Reparto,Entrega Fallida,PED-901: En Reparto -> Entrega Fallida
4,PED-902,En Reparto,Entregado,PED-902: En Reparto -> Entregado
4,PED-903,En Bodega,En Reparto,PED-903: En Bodega -> En Reparto
4,PED-904,En Reparto,Entregado,PED-904: En Reparto -> Entregado
4,PED-906,En Bodega,En Reparto,PED-906: En Bodega -> En Reparto
4,PED-907,En Reparto,Entregado,PED-907: En Reparto -> Entregado
4,PED-908,En Bodega,En Reparto,PED-908: En Bodega -> En Reparto
4,PED-909,En Bodega,En Bodega,PED-909: En Bodega -> En Bodega
4,PED-911,En Reparto,Entregado,PED-911: En Reparto -> Entregado
4,PED-912,En Reparto,Entregado,PED-912: En Reparto -> Entregado
4,PED-913,En Reparto,Entregado,PED-913: En Reparto -> Entregado
4,PED-914,En Reparto,Entregado,PED-914: En Reparto -> Entregado
4,PED-915,En Reparto,Entregado,PED-915: En Reparto -> Entregado
4,PED-916,En Reparto,Entregado,PED-916: En Reparto -> Entregado
4,PED-917,En Reparto,Entrega Fallida,PED-917: En Reparto -> Entrega Fallida
4,PED-918,En Reparto,Entregado,PED-918: En Reparto -> Entregado
4,PED-919,En Reparto,Entregado,PED-919: En Reparto -> Entregado
4,PED-920,En Bodega,En Bodega,PED-920: En Bodega -> En Bodega
4,PED-921,En Reparto,Entrega Fallida,PED-921: En Reparto -> Entrega Fallida
4,PED-923,En Reparto,Entregado,PED-923: En Reparto -> Entregado
4,PED-924,En Bodega,En Reparto,PED-924: En Bodega -> En Reparto
4,PED-925,En Reparto,Entregado,PED-925: En Reparto -> Entregado
4,PED-926,En Reparto,Entregado,PED-926: En Reparto -> Entregado
4,PED-927,En Reparto,Entregado,PED-927: En Reparto -> Entregado
4,PED-928,En Reparto,Entregado,PED-928: En Reparto -> Entregado
4,PED-929,En Reparto,Entregado,PED-929: En Reparto -> Entregado
4,PED-930,En Bodega,En Reparto,PED-930: En Bodega -> En Reparto
4,PED-931,En Reparto,Entregado,PED-931: En Reparto -> Entregado
4,PED-932,En Reparto,Entregado,PED-932: En Reparto -> Entregado
4,PED-933,En Reparto,Entregado,PED-933: En Reparto -> Entregado
4,PED-934,En Reparto,Entregado,PED-934: En Reparto -> Entregado
4,PED-935,En Reparto,Entrega Fallida,PED-935: En Reparto -> Entrega Fallida
4,PED-936,En Reparto,Entregado,PED-936: En Reparto -> Entregado
4,PED-937,En Reparto,Entregado,PED-937: En Reparto -> Entregado
4,PED-939,En Reparto,Entregado,PED-939: En Reparto -> Entregado
4,PED-940,En Reparto,Entrega Fallida,PED-940: En Reparto -> Entrega Fallida
4,PED-941,En Bodega,En Reparto,PED-941: En Bodega -> En Reparto
4,PED-942,En Reparto,Entregado,PED-942: En Reparto -> Entregado
4,PED-943,En Reparto,Entregado,PED-943: En Reparto -> Entregado
4,PED-945,En Reparto,Entregado,PED-945: En Reparto -> Entregado
4,PED-946,En Reparto,Entrega Fallida,PED-946: En Reparto -> Entrega Fallida
4,PED-947,En Reparto,Entrega Fallida,PED-947: En Reparto -> Entrega Fallida
4,PED-948,En Reparto,Entrega Fallida,PED-948: En Reparto -> Entrega Fallida
4,PED-949,En Reparto,Entregado,PED-949: En Reparto -> Entregado
4,PED-950,En Reparto,Entregado,PED-950: En Reparto -> Entregado
4,PED-951,En Reparto,Entregado,PED-951: En Reparto -> Entregado
4,PED-952,En Reparto,Entregado,PED-952: En Reparto -> Entregado
4,PED-953,En Reparto,Entregado,PED-953: En Reparto -> Entregado
4,PED-954,En Reparto,Entregado,PED-954: En Reparto -> Entregado
4,PED-955,En Bodega,En Reparto,PED-955: En Bodega -> En Reparto
4,PED-956,En Reparto,Entrega Fallida,PED-956: En Reparto -> Entrega Fallida
4,PED-957,En Bodega,En Reparto,PED-957: En Bodega -> En Reparto
4,PED-958,En Reparto,Entrega Fallida,PED-958: En Reparto -> Entrega Fallida
4,PED-959,En Reparto,Entregado,PED-959: En Reparto -> Entregado
4,PED-960,En Reparto,Entregado,PED-960: En Reparto -> Entregado
4,PED-961,En Bodega,En Reparto,PED-961: En Bodega -> En Reparto
4,PED-962,En Reparto,Entrega Fallida,PED-962: En Reparto -> Entrega Fallida
4,PED-963,En Bodega,En Reparto,PED-963: En Bodega -> En Reparto
4,PED-964,En Reparto,Entregado,PED-964: En Reparto -> Entregado
4,PED-965,En Reparto,Entrega Fallida,PED-965: En Reparto -> Entrega Fallida
4,PED-966,En Reparto,Entregado,PED-966: En Reparto -> Entregado
4,PED-968,En Reparto,Entregado,PED-968: En Reparto -> Entregado
4,PED-970,En Bodega,En Reparto,PED-970: En Bodega -> En Reparto
4,PED-971,En Reparto,Entregado,PED-971: En Reparto -> Entregado
4,PED-972,En Reparto,Entrega Fallida,PED-972: En Reparto -> Entrega Fallida
4,PED-973,En Bodega,En Reparto,PED-973: En Bodega -> En Reparto
4,PED-974,En Reparto,Entregado,PED-974: En Reparto -> Entregado
4,PED-975,En Reparto,Entregado,PED-975: En Reparto -> Entregado
4,PED-976,En Reparto,Entregado,PED-976: En Reparto -> Entregado
4,PED-977,En Bodega,En Reparto,PED-977: En Bodega -> En Reparto
4,PED-978,En Reparto,Entregado,PED-978: En Reparto -> Entregado
4,PED-979,En Reparto,Entregado,PED-979: En Reparto -> Entregado
4,PED-980,En Reparto,Entregado,PED-980: En Reparto -> Entregado
4,PED-981,En Reparto,Entregado,PED-981: En Reparto -> Entregado
4,PED-982,En Reparto,Entregado,PED-982: En Reparto -> Entregado
4,PED-983,En Reparto,Entregado,PED-983: En Reparto -> Entregado
4,PED-984,En Reparto,Entregado,PED-984: En Reparto -> Entregado
4,PED-985,En Reparto,Entregado,PED-985: En Reparto -> Entregado
4,PED-986,En Reparto,Entregado,PED-986: En Reparto -> Entregado
4,PED-987,En Reparto,Entregado,PED-987: En Reparto -> Entregado
4,PED-989,En Reparto,Entregado,PED-989: En Reparto -> Entregado
4,PED-990,En Reparto,Entregado,PED-990: En Reparto -> Entregado
4,PED-991,En Reparto,Entregado,PED-991: En Reparto -> Entregado
4,PED-992,En Reparto,Entregado,PED-992: En Reparto -> Entregado
4,PED-993,En Reparto,Entrega Fallida,PED-993: En Reparto -> Entrega Fallida
4,PED-994,En Reparto,Entregado,PED-994: En Reparto -> Entregado
4,PED-995,En Reparto,Entregado,PED-995: En Reparto -> Entregado
4,PED-996,En Reparto,Entregado,PED-996: En Reparto -> Entregado
4,PED-997,En Bodega,En Reparto,PED-997: En Bodega -> En Reparto
4,PED-998,En Reparto,Entregado,PED-998: En Reparto -> Entregado
4,PED-999,En Reparto,Entregado,PED-999: En Reparto -> Entregado
4,PED-1000,En Reparto,Entregado,PED-1000: En Reparto -> Entregado
5,PED-003,Entrega Fallida,Devuelto,PED-003: Entrega Fallida -> Devuelto
5,PED-007,En Reparto,Entregado,PED-007: En Reparto -> Entregado
5,PED-008,En Reparto,Entregado,PED-008: En Reparto -> Entregado
5,PED-009,En Reparto,Entregado,PED-009: En Reparto -> Entregado
5,PED-010,Entrega Fallida,Devuelto,PED-010: Entrega Fallida -> Devuelto
5,PED-012,En Reparto,Entregado,PED-012: En Reparto -> Entregado
5,PED-014,Entrega Fallida,Devuelto,PED-014: Entrega Fallida -> Devuelto
5,PED-016,Entrega Fallida,En Reparto,PED-016: Entrega Fallida -> En Reparto
5,PED-019,Entrega Fallida,En Reparto,PED-019: Entrega Fallida -> En Reparto
5,PED-027,Entrega Fallida,Devuelto,PED-027: Entrega Fallida -> Devuelto
5,PED-028,Entrega Fallida,Devuelto,PED-028: Entrega Fallida -> Devuelto
5,PED-035,En Reparto,Entrega Fallida,PED-035: En Reparto -> Entrega Fallida
5,PED-037,Entrega Fallida,En Reparto,PED-037: Entrega Fallida -> En Reparto
5,PED-038,En Reparto,Entregado,PED-038: En Reparto -> Entregado
5,PED-042,En Bodega,En Reparto,PED-042: En Bodega -> En Reparto
5,PED-043,Entrega Fallida,Devuelto,PED-043: Entrega Fallida -> Devuelto
5,PED-047,En Reparto,Entregado,PED-047: En Reparto -> Entregado
5,PED-048,En Reparto,Entregado,PED-048: En Reparto -> Entregado
5,PED-059,En Reparto,Entregado,PED-059: En Reparto -> Entregado
5,PED-061,Entrega Fallida,Devuelto,PED-061: Entrega Fallida -> Devuelto
5,PED-069,En Reparto,Entregado,PED-069: En Reparto -> Entregado
5,PED-070,En Reparto,Entregado,PED-070: En Reparto -> Entregado
5,PED-081,En Reparto,Entregado,PED-081: En Reparto -> Entregado
5,PED-082,En Reparto,Entregado,PED-082: En Reparto -> Entregado
5,PED-091,En Reparto,Entrega Fallida,PED-091: En Reparto -> Entrega Fallida
5,PED-092,En Reparto,Entregado,PED-092: En Reparto -> Entregado
5,PED-095,En Reparto,Entregado,PED-095: En Reparto -> Entregado
5,PED-097,Entrega Fallida,En Reparto,PED-097: Entrega Fallida -> En Reparto
5,PED-100,Entrega Fallida,Devuelto,PED-100: Entrega Fallida -> Devuelto
5,PED-105,En Reparto,Entrega Fallida,PED-105: En Reparto -> Entrega Fallida
5,PED-111,En Reparto,Entregado,PED-111: En Reparto -> Entregado
5,PED-112,En Reparto,Entregado,PED-112: En Reparto -> Entregado
5,PED-113,En Reparto,Entregado,PED-113: En Reparto -> Entregado
5,PED-120,En Reparto,Entregado,PED-120: En Reparto -> Entregado
5,PED-121,En Reparto,Entregado,PED-121: En Reparto -> Entregado
5,PED-124,Entrega Fallida,En Reparto,PED-124: Entrega Fallida -> En Reparto
5,PED-126,En Reparto,Entrega Fallida,PED-126: En Reparto -> Entrega Fallida
5,PED-134,En Reparto,Entregado,PED-134: En Reparto -> Entregado
5,PED-135,Entrega Fallida,En Reparto,PED-135: Entrega Fallida -> En Reparto
5,PED-137,En Reparto,Entrega Fallida,PED-137: En Reparto -> Entrega Fallida
5,PED-140,En Reparto,Entregado,PED-140: En Reparto -> Entregado
5,PED-144,En Reparto,Entregado,PED-144: En Reparto -> Entregado
5,PED-148,Entrega Fallida,En Reparto,PED-148: Entrega Fallida -> En Reparto
5,PED-149,Entrega Fallida,En Reparto,PED-149: Entrega Fallida -> En Reparto
5,PED-150,En Reparto,Entregado,PED-150: En Reparto -> Entregado
5,PED-155,En Bodega,En Reparto,PED-155: En Bodega -> En Reparto
5,PED-159,Entrega Fallida,En Reparto,PED-159: Entrega Fallida -> En Reparto
5,PED-164,Entrega Fallida,Devuelto,PED-164: Entrega Fallida -> Devuelto
5,PED-169,Entrega Fallida,En Reparto,PED-169: Entrega Fallida -> En Reparto
5,PED-172,En Reparto,Entrega Fallida,PED-172: En Reparto -> Entrega Fallida
5,PED-179,Entrega Fallida,Devuelto,PED-179: Entrega Fallida -> Devuelto
5,PED-180,En Reparto,Entregado,PED-180: En Reparto -> Entregado
5,PED-181,En Reparto,Entrega Fallida,PED-181: En Reparto -> Entrega Fallida
5,PED-187,Entrega Fallida,En Reparto,PED-187: Entrega Fallida -> En Reparto
5,PED-190,En Bodega,En Bodega,PED-190: En Bodega -> En Bodega
5,PED-194,En Reparto,Entregado,PED-194: En Reparto -> Entregado
5,PED-195,En Reparto,Entrega Fallida,PED-195: En Reparto -> Entrega Fallida
5,PED-197,Entrega Fallida,Devuelto,PED-197: Entrega Fallida -> Devuelto
5,PED-198,En Reparto,Entregado,PED-198: En Reparto -> Entregado
5,PED-199,Entrega Fallida,Devuelto,PED-199: Entrega Fallida -> Devuelto
5,PED-200,Entrega Fallida,En Reparto,PED-200: Entrega Fallida -> En Reparto
5,PED-201,En Reparto,Entrega Fallida,PED-201: En Reparto -> Entrega Fallida
5,PED-202,En Bodega,En Reparto,PED-202: En Bodega -> En Reparto
5,PED-204,En Reparto,Entrega Fallida,PED-204: En Reparto -> Entrega Fallida
5,PED-206,En Reparto,Entregado,PED-206: En Reparto -> Entregado
5,PED-209,En Reparto,Entregado,PED-209: En Reparto -> Entregado
5,PED-210,Entrega Fallida,En Reparto,PED-210: Entrega Fallida -> En Reparto
5,PED-213,Entrega Fallida,Devuelto,PED-213: Entrega Fallida -> Devuelto
5,PED-215,Entrega Fallida,En Reparto,PED-215: Entrega Fallida -> En Reparto
5,PED-220,En Bodega,En Reparto,PED-220: En Bodega -> En Reparto
5,PED-221,Entrega Fallida,Devuelto,PED-221: Entrega Fallida -> Devuelto
5,PED-223,Entrega Fallida,Devuelto,PED-223: Entrega Fallida -> Devuelto
5,PED-225,En Bodega,En Reparto,PED-225: En Bodega -> En Reparto
5,PED-229,Entrega Fallida,Devuelto,PED-229: Entrega Fallida -> Devuelto
5,PED-233,En Reparto,Entregado,PED-233: En Reparto -> Entregado
5,PED-234,Entrega Fallida,En Reparto,PED-234: Entrega Fallida -> En Reparto
5,PED-235,Entrega Fallida,Devuelto,PED-235: Entrega Fallida -> Devuelto
5,PED-236,En Reparto,Entregado,PED-236: En Reparto -> Entregado
5,PED-238,Entrega Fallida,En Reparto,PED-238: Entrega Fallida -> En Reparto
5,PED-240,En Bodega,En Reparto,PED-240: En Bodega -> En Reparto
5,PED-243,En Reparto,Entregado,PED-243: En Reparto -> Entregado
5,PED-245,En Reparto,Entregado,PED-245: En Reparto -> Entregado
5,PED-248,Entrega Fallida,En Reparto,PED-248: Entrega Fallida -> En Reparto
5,PED-249,Entrega Fallida,Devuelto,PED-249: Entrega Fallida -> Devuelto
5,PED-256,Entrega Fallida,Devuelto,PED-256: Entrega Fallida -> Devuelto
5,PED-257,Entrega Fallida,Devuelto,PED-257: Entrega Fallida -> Devuelto
5,PED-259,Entrega Fallida,En Reparto,PED-259: Entrega Fallida -> En Reparto
5,PED-265,Entrega Fallida,En Reparto,PED-265: Entrega Fallida -> En Reparto
5,PED-268,En Reparto,Entregado,PED-268: En Reparto -> Entregado
5,PED-272,Entrega Fallida,En Reparto,PED-272: Entrega Fallida -> En Reparto
5,PED-274,Entrega Fallida,Devuelto,PED-274: Entrega Fallida -> Devuelto
5,PED-275,En Reparto,Entrega Fallida,PED-275: En Reparto -> Entrega Fallida
5,PED-277,Entrega Fallida,En Reparto,PED-277: Entrega Fallida -> En Reparto
5,PED-280,En Reparto,Entregado,PED-280: En Reparto -> Entregado
5,PED-282,Entrega Fallida,En Reparto,PED-282: Entrega Fallida -> En Reparto
5,PED-287,En Reparto,Entregado,PED-287: En Reparto -> Entregado
5,PED-289,Entrega Fallida,Devuelto,PED-289: Entrega Fallida -> Devuelto
5,PED-293,En Reparto,Entregado,PED-293: En Reparto -> Entregado
5,PED-301,Entrega Fallida,Devuelto,PED-301: Entrega Fallida -> Devuelto
5,PED-303,Entrega Fallida,En Reparto,PED-303: Entrega Fallida -> En Reparto
5,PED-305,Entrega Fallida,En Reparto,PED-305: Entrega Fallida -> En Reparto
5,PED-307,Entrega Fallida,Devuelto,PED-307: Entrega Fallida -> Devuelto
5,PED-310,En Reparto,Entrega Fallida,PED-310: En Reparto -> Entrega Fallida
5,PED-311,En Reparto,Entrega Fallida,PED-311: En Reparto -> Entrega Fallida
5,PED-313,En Reparto,Entregado,PED-313: En Reparto -> Entregado
5,PED-316,Entrega Fallida,En Reparto,PED-316: Entrega Fallida -> En Reparto
5,PED-320,Entrega Fallida,Devuelto,PED-320: Entrega Fallida -> Devuelto
5,PED-321,Entrega Fallida,Devuelto,PED-321: Entrega Fallida -> Devuelto
5,PED-325,Entrega Fallida,Devuelto,PED-325: Entrega Fallida -> Devuelto
5,PED-327,Entrega Fallida,Devuelto,PED-327: Entrega Fallida -> Devuelto
5,PED-330,En Reparto,Entregado,PED-330: En Reparto -> Entregado
5,PED-334,Entrega Fallida,Devuelto,PED-334: Entrega Fallida -> Devuelto
5,PED-335,Entrega Fallida,Devuelto,PED-335: Entrega Fallida -> Devuelto
5,PED-337,En Reparto,Entregado,PED-337: En Reparto -> Entregado
5,PED-338,Entrega Fallida,Devuelto,PED-338: Entrega Fallida -> Devuelto
5,PED-345,En Reparto,Entrega Fallida,PED-345: En Reparto -> Entrega Fallida
5,PED-346,En Reparto,Entregado,PED-346: En Reparto -> Entregado
5,PED-348,Entrega Fallida,En Reparto,PED-348: Entrega Fallida -> En Reparto
5,PED-352,Entrega Fallida,Devuelto,PED-352: Entrega Fallida -> Devuelto
5,PED-354,En Reparto,Entrega Fallida,PED-354: En Reparto -> Entrega Fallida
5,PED-356,En Bodega,En Bodega,PED-356: En Bodega -> En Bodega
5,PED-362,En Reparto,Entregado,PED-362: En Reparto -> Entregado
5,PED-370,Entrega Fallida,Devuelto,PED-370: Entrega Fallida -> Devuelto
5,PED-371,En Reparto,Entregado,PED-371: En Reparto -> Entregado
5,PED-372,Entrega Fallida,Devuelto,PED-372: Entrega Fallida -> Devuelto
5,PED-374,En Reparto,Entregado,PED-374: En Reparto -> Entregado
5,PED-375,En Reparto,Entregado,PED-375: En Reparto -> Entregado
5,PED-379,En Reparto,Entregado,PED-379: En Reparto -> Entregado
5,PED-383,Entrega Fallida,Devuelto,PED-383: Entrega Fallida -> Devuelto
5,PED-385,En Reparto,Entregado,PED-385: En Reparto -> Entregado
5,PED-387,En Reparto,Entregado,PED-387: En Reparto -> Entregado
5,PED-389,En Reparto,Entrega Fallida,PED-389: En Reparto -> Entrega Fallida
5,PED-390,Entrega Fallida,En Reparto,PED-390: Entrega Fallida -> En Reparto
5,PED-391,En Reparto,Entrega Fallida,PED-391: En Reparto -> Entrega Fallida
5,PED-398,Entrega Fallida,Devuelto,PED-398: Entrega Fallida -> Devuelto
5,PED-399,Entrega Fallida,En Reparto,PED-399: Entrega Fallida -> En Reparto
5,PED-402,Entrega Fallida,En Reparto,PED-402: Entrega Fallida -> En Reparto
5,PED-405,En Reparto,Entregado,PED-405: En Reparto -> Entregado
5,PED-409,En Reparto,Entregado,PED-409: En Reparto -> Entregado
5,PED-411,Entrega Fallida,En Reparto,PED-411: Entrega Fallida -> En Reparto
5,PED-414,Entrega Fallida,Devuelto,PED-414: Entrega Fallida -> Devuelto
5,PED-416,Entrega Fallida,En Reparto,PED-416: Entrega Fallida -> En Reparto
5,PED-422,Entrega Fallida,Devuelto,PED-422: Entrega Fallida -> Devuelto
5,PED-427,En Reparto,Entregado,PED-427: En Reparto -> Entregado
5,PED-442,En Reparto,Entregado,PED-442: En Reparto -> Entregado
5,PED-447,En Reparto,Entregado,PED-447: En Reparto -> Entregado
5,PED-453,Entrega Fallida,Devuelto,PED-453: Entrega Fallida -> Devuelto
5,PED-457,En Reparto,Entregado,PED-457: En Reparto -> Entregado
5,PED-458,En Reparto,Entregado,PED-458: En Reparto -> Entregado
5,PED-459,Entrega Fallida,En Reparto,PED-459: Entrega Fallida -> En Reparto
5,PED-463,En Reparto,Entregado,PED-463: En Reparto -> Entregado
5,PED-468,En Reparto,Entrega Fallida,PED-468: En Reparto -> Entrega Fallida
5,PED-471,En Reparto,Entregado,PED-471: En Reparto -> Entregado
5,PED-475,En Reparto,Entrega Fallida,PED-475: En Reparto -> Entrega Fallida
5,PED-486,En Bodega,En Reparto,PED-486: En Bodega -> En Reparto
5,PED-489,Entrega Fallida,En Reparto,PED-489: Entrega Fallida -> En Reparto
5,PED-490,En Reparto,Entregado,PED-490: En Reparto -> Entregado
5,PED-494,En Bodega,En Bodega,PED-494: En Bodega -> En Bodega
5,PED-501,En Reparto,Entregado,PED-501: En Reparto -> Entregado
5,PED-505,En Reparto,Entregado,PED-505: En Reparto -> Entregado
5,PED-508,En Reparto,Entregado,PED-508: En Reparto -> Entregado
5,PED-517,En Reparto,Entrega Fallida,PED-517: En Reparto -> Entrega Fallida
5,PED-518,En Reparto,Entregado,PED-518: En Reparto -> Entregado
5,PED-520,Entrega Fallida,En Reparto,PED-520: Entrega Fallida -> En Reparto
5,PED-523,Entrega Fallida,En Reparto,PED-523: Entrega Fallida -> En Reparto
5,PED-526,Entrega Fallida,Devuelto,PED-526: Entrega Fallida -> Devuelto
5,PED-534,En Reparto,Entregado,PED-534: En Reparto -> Entregado
5,PED-543,En Reparto,Entregado,PED-543: En Reparto -> Entregado
5,PED-547,En Reparto,Entregado,PED-547: En Reparto -> Entregado
5,PED-553,Entrega Fallida,En Reparto,PED-553: Entrega Fallida -> En Reparto
5,PED-554,Entrega Fallida,Devuelto,PED-554: Entrega Fallida -> Devuelto
5,PED-557,En Bodega,En Reparto,PED-557: En Bodega -> En Reparto
5,PED-563,Entrega Fallida,En Reparto,PED-563: Entrega Fallida -> En Reparto
5,PED-564,En Bodega,En Reparto,PED-564: En Bodega -> En Reparto
5,PED-566,En Reparto,Entregado,PED-566: En Reparto -> Entregado
5,PED-572,Entrega Fallida,Devuelto,PED-572: Entrega Fallida -> Devuelto
5,PED-580,Entrega Fallida,Devuelto,PED-580: Entrega Fallida -> Devuelto
5,PED-582,Entrega Fallida,En Reparto,PED-582: Entrega Fallida -> En Reparto
5,PED-583,En Reparto,Entrega Fallida,PED-583: En Reparto -> Entrega Fallida
5,PED-585,En Reparto,Entregado,PED-585: En Reparto -> Entregado
5,PED-586,Entrega Fallida,Devuelto,PED-586: Entrega Fallida -> Devuelto
5,PED-587,Entrega Fallida,En Reparto,PED-587: Entrega Fallida -> En Reparto
5,PED-590,En Reparto,Entregado,PED-590: En Reparto -> Entregado
5,PED-595,En Bodega,En Reparto,PED-595: En Bodega -> En Reparto
5,PED-596,En Reparto,Entregado,PED-596: En Reparto -> Entregado
5,PED-597,En Reparto,Entregado,PED-597: En Reparto -> Entregado
5,PED-599,En Reparto,Entregado,PED-599: En Reparto -> Entregado
5,PED-602,En Reparto,Entregado,PED-602: En Reparto -> Entregado
5,PED-604,Entrega Fallida,Devuelto,PED-604: Entrega Fallida -> Devuelto
5,PED-608,Entrega Fallida,En Reparto,PED-608: Entrega Fallida -> En Reparto
5,PED-610,En Bodega,En Reparto,PED-610: En Bodega -> En Reparto
5,PED-612,En Reparto,Entregado,PED-612: En Reparto -> Entregado
5,PED-616,En Bodega,En Bodega,PED-616: En Bodega -> En Bodega
5,PED-618,Entrega Fallida,En Reparto,PED-618: Entrega Fallida -> En Reparto
5,PED-619,En Reparto,Entrega Fallida,PED-619: En Reparto -> Entrega Fallida
5,PED-621,Entrega Fallida,En Reparto,PED-621: Entrega Fallida -> En Reparto
5,PED-622,Entrega Fallida,En Reparto,PED-622: Entrega Fallida -> En Reparto
5,PED-624,Entrega Fallida,Devuelto,PED-624: Entrega Fallida -> Devuelto
5,PED-631,Entrega Fallida,En Reparto,PED-631: Entrega Fallida -> En Reparto
5,PED-632,Entrega Fallida,Devuelto,PED-632: Entrega Fallida -> Devuelto
5,PED-633,En Reparto,Entrega Fallida,PED-633: En Reparto -> Entrega Fallida
5,PED-636,En Reparto,Entregado,PED-636: En Reparto -> Entregado
5,PED-639,Entrega Fallida,En Reparto,PED-639: Entrega Fallida -> En Reparto
5,PED-640,En Reparto,Entregado,PED-640: En Reparto -> Entregado
5,PED-649,En Reparto,Entregado,PED-649: En Reparto -> Entregado
5,PED-652,Entrega Fallida,En Reparto,PED-652: Entrega Fallida -> En Reparto
5,PED-653,En Reparto,Entregado,PED-653: En Reparto -> Entregado
5,PED-654,Entrega Fallida,En Reparto,PED-654: Entrega Fallida -> En Reparto
5,PED-655,Entrega Fallida,En Reparto,PED-655: Entrega Fallida -> En Reparto
5,PED-656,En Reparto,Entregado,PED-656: En Reparto -> Entregado
5,PED-657,En Bodega,En Reparto,PED-657: En Bodega -> En Reparto
5,PED-663,En Bodega,En Reparto,PED-663: En Bodega -> En Reparto
5,PED-665,En Reparto,Entregado,PED-665: En Reparto -> Entregado
5,PED-668,En Reparto,Entrega Fallida,PED-668: En Reparto -> Entrega Fallida
5,PED-670,Entrega Fallida,En Reparto,PED-670: Entrega Fallida -> En Reparto
5,PED-671,En Reparto,Entregado,PED-671: En Reparto -> Entregado
5,PED-673,En Reparto,Entrega Fallida,PED-673: En Reparto -> Entrega Fallida
5,PED-679,En Reparto,Entregado,PED-679: En Reparto -> Entregado
5,PED-682,Entrega Fallida,Devuelto,PED-682: Entrega Fallida -> Devuelto
5,PED-683,Entrega Fallida,En Reparto,PED-683: Entrega Fallida -> En Reparto
5,PED-688,En Reparto,Entregado,PED-688: En Reparto -> Entregado
5,PED-689,Entrega Fallida,En Reparto,PED-689: Entrega Fallida -> En Reparto
5,PED-690,Entrega Fallida,En Reparto,PED-690: Entrega Fallida -> En Reparto
5,PED-691,En Bodega,En Reparto,PED-691: En Bodega -> En Reparto
5,PED-693,Entrega Fallida,Devuelto,PED-693: Entrega Fallida -> Devuelto
5,PED-694,Entrega Fallida,Devuelto,PED-694: Entrega Fallida -> Devuelto
5,PED-698,En Reparto,Entregado,PED-698: En Reparto -> Entregado
5,PED-703,En Reparto,Entregado,PED-703: En Reparto -> Entregado
5,PED-707,Entrega Fallida,En Reparto,PED-707: Entrega Fallida -> En Reparto
5,PED-712,En Reparto,Entregado,PED-712: En Reparto -> Entregado
5,PED-715,En Reparto,Entregado,PED-715: En Reparto -> Entregado
5,PED-721,Entrega Fallida,Devuelto,PED-721: Entrega Fallida -> Devuelto
5,PED-724,En Reparto,Entregado,PED-724: En Reparto -> Entregado
5,PED-726,En Reparto,Entregado,PED-726: En Reparto -> Entregado
5,PED-727,En Reparto,Entregado,PED-727: En Reparto -> Entregado
5,PED-730,En Reparto,Entrega Fallida,PED-730: En Reparto -> Entrega Fallida
5,PED-731,Entrega Fallida,En Reparto,PED-731: Entrega Fallida -> En Reparto
5,PED-733,En Reparto,Entrega Fallida,PED-733: En Reparto -> Entrega Fallida
5,PED-734,Entrega Fallida,Devuelto,PED-734: Entrega Fallida -> Devuelto
5,PED-736,Entrega Fallida,En Reparto,PED-736: Entrega Fallida -> En Reparto
5,PED-738,En Bodega,En Bodega,PED-738: En Bodega -> En Bodega
5,PED-739,En Reparto,Entregado,PED-739: En Reparto -> Entregado
5,PED-742,En Reparto,Entrega Fallida,PED-742: En Reparto -> Entrega Fallida
5,PED-744,Entrega Fallida,En Reparto,PED-744: Entrega Fallida -> En Reparto
5,PED-745,En Reparto,Entregado,PED-745: En Reparto -> Entregado
5,PED-749,En Reparto,Entrega Fallida,PED-749: En Reparto -> Entrega Fallida
5,PED-750,En Reparto,Entregado,PED-750: En Reparto -> Entregado
5,PED-753,Entrega Fallida,En Reparto,PED-753: Entrega Fallida -> En Reparto
5,PED-754,En Reparto,Entrega Fallida,PED-754: En Reparto -> Entrega Fallida
5,PED-760,Entrega Fallida,Devuelto,PED-760: Entrega Fallida -> Devuelto
5,PED-761,Entrega Fallida,Devuelto,PED-761: Entrega Fallida -> Devuelto
5,PED-762,En Bodega,En Reparto,PED-762: En Bodega -> En Reparto
5,PED-764,En Reparto,Entrega Fallida,PED-764: En Reparto -> Entrega Fallida
5,PED-765,En Reparto,Entregado,PED-765: En Reparto -> Entregado
5,PED-769,Entrega Fallida,En Reparto,PED-769: Entrega Fallida -> En Reparto
5,PED-771,Entrega Fallida,En Reparto,PED-771: Entrega Fallida -> En Reparto
5,PED-774,En Reparto,Entregado,PED-774: En Reparto -> Entregado
5,PED-779,Entrega Fallida,Devuelto,PED-779: Entrega Fallida -> Devuelto
5,PED-781,En Reparto,Entregado,PED-781: En Reparto -> Entregado
5,PED-782,Entrega Fallida,En Reparto,PED-782: Entrega Fallida -> En Reparto
5,PED-788,En Bodega,En Reparto,PED-788: En Bodega -> En Reparto
5,PED-791,En Preparación,En Bodega,PED-791: En Preparación -> En Bodega
5,PED-794,Entrega Fallida,En Reparto,PED-794: Entrega Fallida -> En Reparto
5,PED-802,En Reparto,Entregado,PED-802: En Reparto -> Entregado
5,PED-804,En Reparto,Entrega Fallida,PED-804: En Reparto -> Entrega Fallida
5,PED-805,En Reparto,Entrega Fallida,PED-805: En Reparto -> Entrega Fallida
5,PED-809,En Reparto,Entregado,PED-809: En Reparto -> Entregado
5,PED-810,En Bodega,En Reparto,PED-810: En Bodega -> En Reparto
5,PED-811,En Reparto,Entregado,PED-811: En Reparto -> Entregado
5,PED-812,En Reparto,Entregado,PED-812: En Reparto -> Entregado
5,PED-825,En Bodega,En Reparto,PED-825: En Bodega -> En Reparto
5,PED-826,Entrega Fallida,Devuelto,PED-826: Entrega Fallida -> Devuelto
5,PED-834,Entrega Fallida,En Reparto,PED-834: Entrega Fallida -> En Reparto
5,PED-835,En Reparto,Entregado,PED-835: En Reparto -> Entregado
5,PED-837,En Reparto,Entregado,PED-837: En Reparto -> Entregado
5,PED-843,Entrega Fallida,En Reparto,PED-843: Entrega Fallida -> En Reparto
5,PED-847,En Reparto,Entregado,PED-847: En Reparto -> Entregado
5,PED-848,En Reparto,Entrega Fallida,PED-848: En Reparto -> Entrega Fallida
5,PED-850,En Reparto,Entregado,PED-850: En Reparto -> Entregado
5,PED-855,Entrega Fallida,Devuelto,PED-855: Entrega Fallida -> Devuelto
5,PED-867,En Reparto,Entregado,PED-867: En Reparto -> Entregado
5,PED-869,Entrega Fallida,Devuelto,PED-869: Entrega Fallida -> Devuelto
5,PED-876,En Reparto,Entregado,PED-876: En Reparto -> Entregado
5,PED-883,Entrega Fallida,Devuelto,PED-883: Entrega Fallida -> Devuelto
5,PED-889,Entrega Fallida,En Reparto,PED-889: Entrega Fallida -> En Reparto
5,PED-890,Entrega Fallida,En Reparto,PED-890: Entrega Fallida -> En Reparto
5,PED-891,Entrega Fallida,En Reparto,PED-891: Entrega Fallida -> En Reparto
5,PED-899,En Reparto,Entregado,PED-899: En Reparto -> Entregado
5,PED-900,En Reparto,Entregado,PED-900: En Reparto -> Entregado
5,PED-901,Entrega Fallida,En Reparto,PED-901: Entrega Fallida -> En Reparto
5,PED-903,En Reparto,Entregado,PED-903: En Reparto -> Entregado
5,PED-906,En Reparto,Entregado,PED-906: En Reparto -> Entregado
5,PED-908,En Reparto,Entregado,PED-908: En Reparto -> Entregado
5,PED-909,En Bodega,En Reparto,PED-909: En Bodega -> En Reparto
5,PED-917,Entrega Fallida,En Reparto,PED-917: Entrega Fallida -> En Reparto
5,PED-920,En Bodega,En Reparto,PED-920: En Bodega -> En Reparto
5,PED-921,Entrega Fallida,Devuelto,PED-921: Entrega Fallida -> Devuelto
5,PED-924,En Reparto,Entregado,PED-924: En Reparto -> Entregado
5,PED-930,En Reparto,Entrega Fallida,PED-930: En Reparto -> Entrega Fallida
5,PED-935,Entrega Fallida,Devuelto,PED-935: Entrega Fallida -> Devuelto
5,PED-940,Entrega Fallida,Devuelto,PED-940: Entrega Fallida -> Devuelto
5,PED-941,En Reparto,Entregado,PED-941: En Reparto -> Entregado
5,PED-946,Entrega Fallida,Devuelto,PED-946: Entrega Fallida -> Devuelto
5,PED-947,Entrega Fallida,En Reparto,PED-947: Entrega Fallida -> En Reparto
5,PED-948,Entrega Fallida,Devuelto,PED-948: Entrega Fallida -> Devuelto
5,PED-955,En Reparto,Entregado,PED-955: En Reparto -> Entregado
5,PED-956,Entrega Fallida,Devuelto,PED-956: Entrega Fallida -> Devuelto
5,PED-957,En Reparto,Entregado,PED-957: En Reparto -> Entregado
5,PED-958,Entrega Fallida,En Reparto,PED-958: Entrega Fallida -> En Reparto
5,PED-961,En Reparto,Entregado,PED-961: En Reparto -> Entregado
5,PED-962,Entrega Fallida,En Reparto,PED-962: Entrega Fallida -> En Reparto
5,PED-963,En Reparto,Entregado,PED-963: En Reparto -> Entregado
5,PED-965,Entrega Fallida,Devuelto,PED-965: Entrega Fallida -> Devuelto
5,PED-970,En Reparto,Entregado,PED-970: En Reparto -> Entregado
5,PED-972,Entrega Fallida,En Reparto,PED-972: Entrega Fallida -> En Reparto
5,PED-973,En Reparto,Entregado,PED-973: En Reparto -> Entregado
5,PED-977,En Reparto,Entregado,PED-977: En Reparto -> Entregado
5,PED-993,Entrega Fallida,En Reparto,PED-993: Entrega Fallida -> En Reparto
5,PED-997,En Reparto,Entrega Fallida,PED-997: En Reparto -> Entrega Fallida
6,PED-016,En Reparto,Entregado,PED-016: En Reparto -> Entregado
6,PED-019,En Reparto,Entregado,PED-019: En Reparto -> Entregado
6,PED-035,Entrega Fallida,Devuelto,PED-035: Entrega Fallida -> Devuelto
6,PED-037,En Reparto,Entregado,PED-037: En Reparto -> Entregado
6,PED-042,En Reparto,Entregado,PED-042: En Reparto -> Entregado
6,PED-091,Entrega Fallida,En Reparto,PED-091: Entrega Fallida -> En Reparto
6,PED-097,En Reparto,Entregado,PED-097: En Reparto -> Entregado
6,PED-105,Entrega Fallida,Devuelto,PED-105: Entrega Fallida -> Devuelto
6,PED-124,En Reparto,Entregado,PED-124: En Reparto -> Entregado
6,PED-126,Entrega Fallida,En Reparto,PED-126: Entrega Fallida -> En Reparto
6,PED-135,En Reparto,Entregado,PED-135: En Reparto -> Entregado
6,PED-137,Entrega Fallida,En Reparto,PED-137: Entrega Fallida -> En Reparto
6,PED-148,En Reparto,Entrega Fallida,PED-148: En Reparto -> Entrega Fallida
6,PED-149,En Reparto,Entregado,PED-149: En Reparto -> Entregado
6,PED-155,En Reparto,Entregado,PED-155: En Reparto -> Entregado
6,PED-159,En Reparto,Entrega Fallida,PED-159: En Reparto -> Entrega Fallida
6,PED-169,En Reparto,Entregado,PED-169: En Reparto -> Entregado
6,PED-172,Entrega Fallida,Devuelto,PED-172: Entrega Fallida -> Devuelto
6,PED-181,Entrega Fallida,En Reparto,PED-181: Entrega Fallida -> En Reparto
6,PED-187,En Reparto,Entrega Fallida,PED-187: En Reparto -> Entrega Fallida
6,PED-190,En Bodega,En Reparto,PED-190: En Bodega -> En Reparto
6,PED-195,Entrega Fallida,Devuelto,PED-195: Entrega Fallida -> Devuelto
6,PED-200,En Reparto,Entregado,PED-200: En Reparto -> Entregado
6,PED-201,Entrega Fallida,En Reparto,PED-201: Entrega Fallida -> En Reparto
6,PED-202,En Reparto,Entregado,PED-202: En Reparto -> Entregado
6,PED-204,Entrega Fallida,Devuelto,PED-204: Entrega Fallida -> Devuelto
6,PED-210,En Reparto,Entregado,PED-210: En Reparto -> Entregado
6,PED-215,En Reparto,Entregado,PED-215: En Reparto -> Entregado
6,PED-220,En Reparto,Entregado,PED-220: En Reparto -> Entregado
6,PED-225,En Reparto,Entregado,PED-225: En Reparto -> Entregado
6,PED-234,En Reparto,Entregado,PED-234: En Reparto -> Entregado
6,PED-238,En Reparto,Entrega Fallida,PED-238: En Reparto -> Entrega Fallida
6,PED-240,En Reparto,Entrega Fallida,PED-240: En Reparto -> Entrega Fallida
6,PED-248,En Reparto,Entregado,PED-248: En Reparto -> Entregado
6,PED-259,En Reparto,Entrega Fallida,PED-259: En Reparto -> Entrega Fallida
6,PED-265,En Reparto,Entregado,PED-265: En Reparto -> Entregado
6,PED-272,En Reparto,Entregado,PED-272: En Reparto -> Entregado
6,PED-275,Entrega Fallida,Devuelto,PED-275: Entrega Fallida -> Devuelto
6,PED-277,En Reparto,Entregado,PED-277: En Reparto -> Entregado
6,PED-282,En Reparto,Entregado,PED-282: En Reparto -> Entregado
6,PED-303,En Reparto,Entregado,PED-303: En Reparto -> Entregado
6,PED-305,En Reparto,Entregado,PED-305: En Reparto -> Entregado
6,PED-310,Entrega Fallida,En Reparto,PED-310: Entrega Fallida -> En Reparto
6,PED-311,Entrega Fallida,En Reparto,PED-311: Entrega Fallida -> En Reparto
6,PED-316,En Reparto,Entregado,PED-316: En Reparto -> Entregado
6,PED-345,Entrega Fallida,En Reparto,PED-345: Entrega Fallida -> En Reparto
6,PED-348,En Reparto,Entregado,PED-348: En Reparto -> Entregado
6,PED-354,Entrega Fallida,En Reparto,PED-354: Entrega Fallida -> En Reparto
6,PED-356,En Bodega,En Reparto,PED-356: En Bodega -> En Reparto
6,PED-389,Entrega Fallida,Devuelto,PED-389: Entrega Fallida -> Devuelto
6,PED-390,En Reparto,Entregado,PED-390: En Reparto -> Entregado
6,PED-391,Entrega Fallida,En Reparto,PED-391: Entrega Fallida -> En Reparto
6,PED-399,En Reparto,Entregado,PED-399: En Reparto -> Entregado
6,PED-402,En Reparto,Entregado,PED-402: En Reparto -> Entregado
6,PED-411,En Reparto,Entregado,PED-411: En Reparto -> Entregado
6,PED-416,En Reparto,Entrega Fallida,PED-416: En Reparto -> Entrega Fallida
6,PED-459,En Reparto,Entregado,PED-459: En Reparto -> Entregado
6,PED-468,Entrega Fallida,En Reparto,PED-468: Entrega Fallida -> En Reparto
6,PED-475,Entrega Fallida,En Reparto,PED-475: Entrega Fallida -> En Reparto
6,PED-486,En Reparto,Entregado,PED-486: En Reparto -> Entregado
6,PED-489,En Reparto,Entregado,PED-489: En Reparto -> Entregado
6,PED-494,En Bodega,En Reparto,PED-494: En Bodega -> En Reparto
6,PED-517,Entrega Fallida,Devuelto,PED-517: Entrega Fallida -> Devuelto
6,PED-520,En Reparto,Entrega Fallida,PED-520: En Reparto -> Entrega Fallida
6,PED-523,En Reparto,Entregado,PED-523: En Reparto -> Entregado
6,PED-553,En Reparto,Entregado,PED-553: En Reparto -> Entregado
6,PED-557,En Reparto,Entregado,PED-557: En Reparto -> Entregado
6,PED-563,En Reparto,Entregado,PED-563: En Reparto -> Entregado
6,PED-564,En Reparto,Entregado,PED-564: En Reparto -> Entregado
6,PED-582,En Reparto,Entregado,PED-582: En Reparto -> Entregado
6,PED-583,Entrega Fallida,Devuelto,PED-583: Entrega Fallida -> Devuelto
6,PED-587,En Reparto,Entregado,PED-587: En Reparto -> Entregado
6,PED-595,En Reparto,Entregado,PED-595: En Reparto -> Entregado
6,PED-608,En Reparto,Entrega Fallida,PED-608: En Reparto -> Entrega Fallida
6,PED-610,En Reparto,Entrega Fallida,PED-610: En Reparto -> Entrega Fallida
6,PED-616,En Bodega,En Reparto,PED-616: En Bodega -> En Reparto
6,PED-618,En Reparto,Entrega Fallida,PED-618: En Reparto -> Entrega Fallida
6,PED-619,Entrega Fallida,En Reparto,PED-619: Entrega Fallida -> En Reparto
6,PED-621,En Reparto,Entregado,PED-621: En Reparto -> Entregado
6,PED-622,En Reparto,Entregado,PED-622: En Reparto -> Entregado
6,PED-631,En Reparto,Entregado,PED-631: En Reparto -> Entregado
6,PED-633,Entrega Fallida,En Reparto,PED-633: Entrega Fallida -> En Reparto
6,PED-639,En Reparto,Entregado,PED-639: En Reparto -> Entregado
6,PED-652,En Reparto,Entregado,PED-652: En Reparto -> Entregado
6,PED-654,En Reparto,Entrega Fallida,PED-654: En Reparto -> Entrega Fallida
6,PED-655,En Reparto,Entregado,PED-655: En Reparto -> Entregado
6,PED-657,En Reparto,Entregado,PED-657: En Reparto -> Entregado
6,PED-663,En Reparto,Entregado,PED-663: En Reparto -> Entregado
6,PED-668,Entrega Fallida,En Reparto,PED-668: Entrega Fallida -> En Reparto
6,PED-670,En Reparto,Entregado,PED-670: En Reparto -> Entregado
6,PED-673,Entrega Fallida,En Reparto,PED-673: Entrega Fallida -> En Reparto
6,PED-683,En Reparto,Entregado,PED-683: En Reparto -> Entregado
6,PED-689,En Reparto,Entrega Fallida,PED-689: En Reparto -> Entrega Fallida
6,PED-690,En Reparto,Entregado,PED-690: En Reparto -> Entregado
6,PED-691,En Reparto,Entregado,PED-691: En Reparto -> Entregado
6,PED-707,En Reparto,Entrega Fallida,PED-707: En Reparto -> Entrega Fallida
6,PED-730,Entrega Fallida,Devuelto,PED-730: Entrega Fallida -> Devuelto
6,PED-731,En Reparto,Entrega Fallida,PED-731: En Reparto -> Entrega Fallida
6,PED-733,Entrega Fallida,Devuelto,PED-733: Entrega Fallida -> Devuelto
6,PED-736,En Reparto,Entrega Fallida,PED-736: En Reparto -> Entrega Fallida
6,PED-738,En Bodega,En Reparto,PED-738: En Bodega -> En Reparto
6,PED-742,Entrega Fallida,Devuelto,PED-742: Entrega Fallida -> Devuelto
6,PED-744,En Reparto,Entregado,PED-744: En Reparto -> Entregado
6,PED-749,Entrega Fallida,En Reparto,PED-749: Entrega Fallida -> En Reparto
6,PED-753,En Reparto,Entregado,PED-753: En Reparto -> Entregado
6,PED-754,Entrega Fallida,Devuelto,PED-754: Entrega Fallida -> Devuelto
6,PED-762,En Reparto,Entregado,PED-762: En Reparto -> Entregado
6,PED-764,Entrega Fallida,Devuelto,PED-764: Entrega Fallida -> Devuelto
6,PED-769,En Reparto,Entregado,PED-769: En Reparto -> Entregado
6,PED-771,En Reparto,Entregado,PED-771: En Reparto -> Entregado
6,PED-782,En Reparto,Entregado,PED-782: En Reparto -> Entregado
6,PED-788,En Reparto,Entregado,PED-788: En Reparto -> Entregado
6,PED-791,En Bodega,En Reparto,PED-791: En Bodega -> En Reparto
6,PED-794,En Reparto,Entrega Fallida,PED-794: En Reparto -> Entrega Fallida
6,PED-804,Entrega Fallida,En Reparto,PED-804: Entrega Fallida -> En Reparto
6,PED-805,Entrega Fallida,Devuelto,PED-805: Entrega Fallida -> Devuelto
6,PED-810,En Reparto,Entregado,PED-810: En Reparto -> Entregado
6,PED-825,En Reparto,Entregado,PED-825: En Reparto -> Entregado
6,PED-834,En Reparto,Entregado,PED-834: En Reparto -> Entregado
6,PED-843,En Reparto,Entregado,PED-843: En Reparto -> Entregado
6,PED-848,Entrega Fallida,Devuelto,PED-848: Entrega Fallida -> Devuelto
6,PED-889,En Reparto,Entregado,PED-889: En Reparto -> Entregado
6,PED-890,En Reparto,Entrega Fallida,PED-890: En Reparto -> Entrega Fallida
6,PED-891,En Reparto,Entregado,PED-891: En Reparto -> Entregado
6,PED-901,En Reparto,Entregado,PED-901: En Reparto -> Entregado
6,PED-909,En Reparto,Entrega Fallida,PED-909: En Reparto -> Entrega Fallida
6,PED-917,En Reparto,Entregado,PED-917: En Reparto -> Entregado
6,PED-920,En Reparto,Entregado,PED-920: En Reparto -> Entregado
6,PED-930,Entrega Fallida,Devuelto,PED-930: Entrega Fallida -> Devuelto
6,PED-947,En Reparto,Entrega Fallida,PED-947: En Reparto -> Entrega Fallida
6,PED-958,En Reparto,Entregado,PED-958: En Reparto -> Entregado
6,PED-962,En Reparto,Entregado,PED-962: En Reparto -> Entregado
6,PED-972,En Reparto,Entrega Fallida,PED-972: En Reparto -> Entrega Fallida
6,PED-993,En Reparto,Entrega Fallida,PED-993: En Reparto -> Entrega Fallida
6,PED-997,Entrega Fallida,En Reparto,PED-997: Entrega Fallida -> En Reparto
7,PED-091,En Reparto,Entregado,PED-091: En Reparto -> Entregado
7,PED-126,En Reparto,Entregado,PED-126: En Reparto -> Entregado
7,PED-137,En Reparto,Entregado,PED-137: En Reparto -> Entregado
7,PED-148,Entrega Fallida,Devuelto,PED-148: Entrega Fallida -> Devuelto
7,PED-159,Entrega Fallida,Devuelto,PED-159: Entrega Fallida -> Devuelto
7,PED-181,En Reparto,Entrega Fallida,PED-181: En Reparto -> Entrega Fallida
7,PED-187,Entrega Fallida,En Reparto,PED-187: Entrega Fallida -> En Reparto
7,PED-190,En Reparto,Entregado,PED-190: En Reparto -> Entregado
7,PED-201,En Reparto,Entregado,PED-201: En Reparto -> Entregado
7,PED-238,Entrega Fallida,Devuelto,PED-238: Entrega Fallida -> Devuelto
7,PED-240,Entrega Fallida,Devuelto,PED-240: Entrega Fallida -> Devuelto
7,PED-259,Entrega Fallida,Devuelto,PED-259: Entrega Fallida -> Devuelto
7,PED-310,En Reparto,Entregado,PED-310: En Reparto -> Entregado
7,PED-311,En Reparto,Entregado,PED-311: En Reparto -> Entregado
7,PED-345,En Reparto,Entregado,PED-345: En Reparto -> Entregado
7,PED-354,En Reparto,Entregado,PED-354: En Reparto -> Entregado
7,PED-356,En Reparto,Entregado,PED-356: En Reparto -> Entregado
7,PED-391,En Reparto,Entregado,PED-391: En Reparto -> Entregado
7,PED-416,Entrega Fallida,En Reparto,PED-416: Entrega Fallida -> En Reparto
7,PED-468,En Reparto,Entregado,PED-468: En Reparto -> Entregado
7,PED-475,En Reparto,Entregado,PED-475: En Reparto -> Entregado
7,PED-494,En Reparto,Entrega Fallida,PED-494: En Reparto -> Entrega Fallida
7,PED-520,Entrega Fallida,En Reparto,PED-520: Entrega Fallida -> En Reparto
7,PED-608,Entrega Fallida,En Reparto,PED-608: Entrega Fallida -> En Reparto
7,PED-610,Entrega Fallida,En Reparto,PED-610: Entrega Fallida -> En Reparto
7,PED-616,En Reparto,Entregado,PED-616: En Reparto -> Entregado
7,PED-618,Entrega Fallida,En Reparto,PED-618: Entrega Fallida -> En Reparto
7,PED-619,En Reparto,Entregado,PED-619: En Reparto -> Entregado
7,PED-633,En Reparto,Entregado,PED-633: En Reparto -> Entregado
7,PED-654,Entrega Fallida,En Reparto,PED-654: Entrega Fallida -> En Reparto
7,PED-668,En Reparto,Entregado,PED-668: En Reparto -> Entregado
7,PED-673,En Reparto,Entregado,PED-673: En Reparto -> Entregado
7,PED-689,Entrega Fallida,En Reparto,PED-689: Entrega Fallida -> En Reparto
7,PED-707,Entrega Fallida,En Reparto,PED-707: Entrega Fallida -> En Reparto
7,PED-731,Entrega Fallida,Devuelto,PED-731: Entrega Fallida -> Devuelto
7,PED-736,Entrega Fallida,En Reparto,PED-736: Entrega Fallida -> En Reparto
7,PED-738,En Reparto,Entregado,PED-738: En Reparto -> Entregado
7,PED-749,En Reparto,Entrega Fallida,PED-749: En Reparto -> Entrega Fallida
7,PED-791,En Reparto,Entregado,PED-791: En Reparto -> Entregado
7,PED-794,Entrega Fallida,En Reparto,PED-794: Entrega Fallida -> En Reparto
7,PED-804,En Reparto,Entregado,PED-804: En Reparto -> Entregado
7,PED-890,Entrega Fallida,Devuelto,PED-890: Entrega Fallida -> Devuelto
7,PED-909,Entrega Fallida,Devuelto,PED-909: Entrega Fallida -> Devuelto
7,PED-947,Entrega Fallida,Devuelto,PED-947: Entrega Fallida -> Devuelto
7,PED-972,Entrega Fallida,En Reparto,PED-972: Entrega Fallida -> En Reparto
7,PED-993,Entrega Fallida,Devuelto,PED-993: Entrega Fallida -> Devuelto
7,PED-997,En Reparto,Entregado,PED-997: En Reparto -> Entregado
8,PED-181,Entrega Fallida,En Reparto,PED-181: Entrega Fallida -> En Reparto
8,PED-187,En Reparto,Entregado,PED-187: En Reparto -> Entregado
8,PED-416,En Reparto,Entregado,PED-416: En Reparto -> Entregado
8,PED-494,Entrega Fallida,Devuelto,PED-494: Entrega Fallida -> Devuelto
8,PED-520,En Reparto,Entregado,PED-520: En Reparto -> Entregado
8,PED-608,En Reparto,Entrega Fallida,PED-608: En Reparto -> Entrega Fallida
8,PED-610,En Reparto,Entrega Fallida,PED-610: En Reparto -> Entrega Fallida
8,PED-618,En Reparto,Entregado,PED-618: En Reparto -> Entregado
8,PED-654,En Reparto,Entregado,PED-654: En Reparto -> Entregado
8,PED-689,En Reparto,Entrega Fallida,PED-689: En Reparto -> Entrega Fallida
8,PED-707,En Reparto,Entregado,PED-707: En Reparto -> Entregado
8,PED-736,En Reparto,Entregado,PED-736: En Reparto -> Entregado
8,PED-749,Entrega Fallida,Devuelto,PED-749: Entrega Fallida -> Devuelto
8,PED-794,En Reparto,Entrega Fallida,PED-794: En Reparto -> Entrega Fallida
8,PED-972,En Reparto,Entrega Fallida,PED-972: En Reparto -> Entrega Fallida
9,PED-181,En Reparto,Entrega Fallida,PED-181: En Reparto -> Entrega Fallida
9,PED-608,Entrega Fallida,En Reparto,PED-608: Entrega Fallida -> En Reparto
9,PED-610,Entrega Fallida,En Reparto,PED-610: Entrega Fallida -> En Reparto
9,PED-689,Entrega Fallida,Devuelto,PED-689: Entrega Fallida -> Devuelto
9,PED-794,Entrega Fallida,Devuelto,PED-794: Entrega Fallida -> Devuelto
9,PED-972,Entrega Fallida,Devuelto,PED-972: Entrega Fallida -> Devuelto
10,PED-181,Entrega Fallida,Devuelto,PED-181: Entrega Fallida -> Devuelto
10,PED-608,En Reparto,Entregado,PED-608: En Reparto -> Entregado
10,PED-610,En Reparto,Entrega Fallida,PED-610: En Reparto -> Entrega Fallida
11,PED-610,Entrega Fallida,Devuelto,PED-610: Entrega Fallida -> Devuelto
